user_id,first_name,last_name,email,phone_number,signup_date,city
U10681,Nereida,Berrocal,berrocal811@outlook.com,+34 803 56 70 37,2021-07-22,Bilbao
U98839,Encarnacion,Bellido,bellido506@yahoo.com,+34 806 756 421,2021-11-27,Bilbao
U31130,Alberto,Torrents,torrents42@aol.com,+34873 282 774,2021-05-22,Bilbao
U67540,Martín,Gonzalez,gonzalez315@gmail.com,+34 972534408,2023-11-30,Sevilla
U83293,Lourdes,Guzman,guzman880@hotmail.com,+34 947316739,2022-06-18,Madrid
U74034,Maristela,Hernandez,hernandez443@yahoo.com,+34883 674 141,2020-11-30,Málaga
U89562,Valerio,Flor,flor874@outlook.com,+34 926913798,2023-04-14,Valencia
U36740,Amalia,Trujillo,trujillo780@outlook.com,+34 924340248,2021-12-30,Madrid
U66853,Alejo,Heras,heras430@aol.com,+34 828 801 250,2021-02-26,Zaragoza
U48937,Yésica,Clemente,clemente863@hotmail.com,+34872 491 686,2022-12-25,Madrid
U58747,Guillermo,Torres,torres480@yahoo.com,+34721 68 68 03,2022-03-23,Málaga
U62893,Anselmo,Lago,lago486@hotmail.com,+34 700804536,2023-06-13,Barcelona
U83282,Azahara,Guzman,guzman995@outlook.com,+34927 972 468,2022-07-08,Málaga
U26724,Ligia,Doménech,doménech118@hotmail.com,+34 934 688 214,2022-10-12,Zaragoza
U71087,Espiridión,Ramón,ramón573@outlook.com,+34 846 339 742,2024-11-15,Sevilla
U44766,Abilio,Seguí,seguí60@gmail.com,+34 872 517 520,2022-08-31,Sevilla
U58902,Soledad,Sala,sala839@yahoo.com,+34956845611,2024-11-19,Zaragoza
U26018,Inés,Fabra,fabra822@hotmail.com,+34 828 764 071,2020-11-09,Málaga
U77400,Margarita,Laguna,laguna2@yahoo.com,+34844840660,2023-05-07,Málaga
U12321,Benito,Saavedra,saavedra334@yahoo.com,+34925 41 84 13,2023-04-03,Madrid
U78497,Vera,Noguera,noguera188@aol.com,+34 884 372 595,2024-02-10,Valencia
U73635,Juliana,Parejo,parejo301@gmail.com,+34873 20 59 06,2023-01-07,Bilbao
U55283,Domitila,Zabaleta,zabaleta960@aol.com,+34984 96 51 16,2020-08-25,Valencia
U81105,Crescencia,Cordero,cordero597@aol.com,+34873224759,2020-06-18,Barcelona
U38316,Jordi,Gallart,gallart914@gmail.com,+34 926 87 43 07,2021-11-28,Zaragoza
U90646,Ruth,Figueras,figueras359@aol.com,+34872840093,2021-05-23,Zaragoza
U93432,Clemente,Mata,mata892@outlook.com,+34 708876597,2021-05-07,Bilbao
U67158,Carmen,Gómez,gómez82@aol.com,+34843074548,2022-08-02,Zaragoza
U54442,René,Corral,corral819@aol.com,+34 966 174 951,2024-12-28,Málaga
U50771,Eva María,Huerta,huerta466@hotmail.com,+34 946 274 501,2024-03-03,Málaga
U15730,Marcela,Barrios,barrios406@yahoo.com,+34 973413757,2020-11-16,Barcelona
U50675,Rosenda,Hernández,hernández79@aol.com,+34949 87 39 87,2023-04-17,Barcelona
U13369,Alejandra,Lamas,lamas590@hotmail.com,+34985 88 69 51,2021-09-17,Valencia
U98765,Pánfilo,Ferrera,ferrera632@gmail.com,+34946265763,2025-01-12,Barcelona
U85541,Severiano,Aragonés,aragonés555@hotmail.com,+34872443469,2023-04-20,Valencia
U15866,Horacio,Cuadrado,cuadrado287@yahoo.com,+34883 84 39 30,2021-05-29,Madrid
U65347,Horacio,Badía,badía823@hotmail.com,+34957 919 425,2021-06-09,Sevilla
U95914,Joaquín,Lamas,lamas567@yahoo.com,+34 841 67 89 73,2023-11-06,Madrid
U57903,Nuria,Fuentes,fuentes780@outlook.com,+34 985937160,2020-11-10,Barcelona
U55886,Anselmo,Aguirre,aguirre107@aol.com,+34875 065 825,2020-07-29,Madrid
U96901,Hortensia,Robles,robles518@gmail.com,+34 985 32 22 52,2023-10-20,Zaragoza
U48322,Rosalva,Tejada,tejada870@hotmail.com,+34 883482424,2020-04-15,Málaga
U52209,Natividad,Lamas,lamas410@outlook.com,+34820128534,2022-05-16,Valencia
U12049,Eva María,Galán,galán713@aol.com,+34915 32 54 72,2021-02-20,Madrid
U21195,Encarnacion,Coloma,coloma490@yahoo.com,+34821 684 392,2024-03-16,Madrid
U24000,Paco,Carnero,carnero614@aol.com,+34 861 097 936,2022-09-21,Málaga
U81260,Xiomara,Company,company746@aol.com,+34 849 494 352,2021-02-19,Sevilla
U96832,Estrella,Almazán,almazán230@outlook.com,+34 984189538,2021-08-22,Madrid
U97545,Enrique,Rosales,rosales573@hotmail.com,+34986 08 98 38,2021-11-04,Barcelona
U23367,Paz,Cervantes,cervantes45@yahoo.com,+34872 08 68 93,2022-10-16,Málaga
U26725,Ainara,Pozuelo,pozuelo238@hotmail.com,+34982 250 149,2023-04-12,Málaga
U32667,Jorge,Lozano,lozano480@hotmail.com,+34 825603956,2021-04-15,Madrid
U99928,Conrado,Abril,abril926@hotmail.com,+34845 29 02 31,2024-12-18,Bilbao
U64471,Encarnación,Donaire,donaire276@aol.com,+34 876 722 217,2022-10-06,Sevilla
U80134,Sebastian,Zamorano,zamorano195@hotmail.com,+34 982 11 83 41,2021-02-25,Bilbao
U58215,Loreto,Baena,baena476@yahoo.com,+34901566395,2020-08-08,Zaragoza
U10961,Isaías,Benavent,benavent417@aol.com,+34 923 51 96 43,2020-06-15,Málaga
U24892,Macario,Reina,reina561@yahoo.com,+34883277923,2023-09-02,Bilbao
U84484,Macaria,Alfonso,alfonso493@hotmail.com,+34 822047380,2022-10-17,Málaga
U95106,Sandra,Diéguez,diéguez578@outlook.com,+34988 614 143,2020-03-23,Valencia
U53378,Vito,Urrutia,urrutia480@yahoo.com,+34 985 916 909,2021-09-05,Málaga
U72595,Borja,Clavero,clavero236@hotmail.com,+34 865 667 284,2023-10-15,Bilbao
U61887,Estrella,Lladó,lladó567@hotmail.com,+34984135874,2021-12-30,Bilbao
U95484,Atilio,Valverde,valverde33@hotmail.com,+34 711 119 069,2022-10-02,Zaragoza
U83275,Amancio,Osuna,osuna662@yahoo.com,+34 820030236,2021-09-16,Zaragoza
U92319,Lalo,Belmonte,belmonte167@outlook.com,+34 843 20 25 91,2020-08-03,Zaragoza
U71106,Ricardo,Olmedo,olmedo375@yahoo.com,+34875 076 299,2022-04-22,Madrid
U60926,Feliciana,Montserrat,montserrat292@yahoo.com,+34 884624733,2025-02-25,Valencia
U84997,Gloria,Arenas,arenas158@outlook.com,+34872 78 02 01,2021-06-09,Málaga
U57481,Juan Francisco,Torrent,torrent339@aol.com,+34864 665 091,2023-10-05,Bilbao
U48548,Nacho,Blanes,blanes500@outlook.com,+34987 88 89 86,2021-08-08,Sevilla
U70364,Piedad,Roldán,roldán30@yahoo.com,+34943811582,2023-05-20,Madrid
U37619,Porfirio,Casal,casal80@yahoo.com,+34948 77 58 91,2023-03-07,Barcelona
U98495,Primitivo,Canales,canales627@aol.com,+34 881 54 81 63,2022-02-05,Zaragoza
U87094,Rogelio,Díez,díez187@aol.com,+34 807470275,2023-05-25,Bilbao
U14661,Ariadna,Verdejo,verdejo247@outlook.com,+34922 90 91 63,2024-02-18,Bilbao
U43053,Marina,Arco,arco965@yahoo.com,+34827 199 837,2023-06-10,Valencia
U52498,María Ángeles,Casal,casal62@outlook.com,+34879607347,2020-07-03,Valencia
U62681,Delia,Echevarría,echevarría223@hotmail.com,+34716 421 202,2023-02-07,Madrid
U44732,Nazaret,Ocaña,ocaña969@gmail.com,+34 848 00 65 03,2023-03-21,Bilbao
U58435,Florinda,Prieto,prieto570@yahoo.com,+34730035398,2021-07-05,Bilbao
U14169,Eugenio,Bernad,bernad830@gmail.com,+34 920 778 921,2021-11-12,Barcelona
U19323,María Fernanda,Jara,jara822@hotmail.com,+34 871 79 56 89,2023-03-20,Sevilla
U56279,Jimena,Carrera,carrera375@outlook.com,+34 875614193,2021-12-31,Zaragoza
U83167,Luna,Dalmau,dalmau695@hotmail.com,+34 700 61 25 23,2022-09-12,Málaga
U92208,Calista,Suárez,suárez319@outlook.com,+34879 12 98 63,2021-08-08,Barcelona
U54415,Loreto,Franch,franch213@hotmail.com,+34849750433,2024-04-03,Bilbao
U51785,Judith,Rosales,rosales26@yahoo.com,+34974806035,2021-01-11,Valencia
U13485,Ignacio,Aramburu,aramburu355@aol.com,+34 988 922 262,2024-01-18,Madrid
U91985,José Manuel,Duran,duran222@yahoo.com,+34 879 872 702,2022-08-30,Málaga
U75654,Casemiro,Calatayud,calatayud31@gmail.com,+34 826 021 645,2021-10-24,Sevilla
U47003,Dulce,Bueno,bueno153@gmail.com,+34973 96 08 25,2022-05-20,Málaga
U53894,Telmo,Pintor,pintor217@hotmail.com,+34826590689,2024-06-02,Madrid
U38770,Melchor,Pozo,pozo712@yahoo.com,+34846 88 60 61,2024-01-16,Bilbao
U65170,Sergio,Agustín,agustín712@aol.com,+34975166196,2020-11-21,Madrid
U45012,Valero,Ramírez,ramírez813@aol.com,+34 882174081,2023-09-25,Bilbao
U66344,Benita,Cámara,cámara524@yahoo.com,+34 877805282,2023-03-28,Madrid
U56231,Severo,Huguet,huguet237@hotmail.com,+34 886 07 92 86,2021-04-16,Sevilla
U39776,Ainara,Hurtado,hurtado439@yahoo.com,+34 702 522 791,2023-05-16,Barcelona
U19785,Severino,Cisneros,cisneros732@yahoo.com,+34 825149740,2022-07-11,Zaragoza
U56516,Ainara,Cabrera,cabrera665@aol.com,+34 925 144 434,2020-03-23,Bilbao
U39557,Moisés,Fajardo,fajardo645@gmail.com,+34 986 30 14 34,2024-12-27,Sevilla
U79813,Maximiliano,Llorente,llorente168@yahoo.com,+34 820481832,2024-03-23,Valencia
U88040,Nicodemo,Goñi,goñi169@aol.com,+34948629274,2023-12-28,Bilbao
U84401,Onofre,Heras,heras237@hotmail.com,+34 944 37 65 30,2023-04-14,Málaga
U75201,Teófilo,Pont,pont973@yahoo.com,+34945423174,2022-08-13,Bilbao
U48716,Úrsula,Orozco,orozco174@yahoo.com,+34823 872 249,2021-12-29,Madrid
U43203,Jenaro,Téllez,téllez968@aol.com,+34 921 10 76 74,2024-11-06,Barcelona
U66110,Asdrubal,Sotelo,sotelo371@aol.com,+34 806 72 54 54,2023-05-12,Bilbao
U42478,Albina,Gomila,gomila260@outlook.com,+34 843921913,2020-06-10,Sevilla
U89315,Tatiana,Roda,roda366@gmail.com,+34841 409 490,2023-01-11,Málaga
U66161,Guiomar,Villena,villena826@hotmail.com,+34979122346,2020-05-12,Sevilla
U10769,Luis Ángel,Patiño,patiño375@aol.com,+34 988 519 138,2020-05-20,Barcelona
U96774,Dionisio,Río,río745@outlook.com,+34925741558,2022-12-16,Zaragoza
U10642,Rico,Melero,melero405@aol.com,+34 846 917 126,2023-04-18,Málaga
U19767,Teodora,Serna,serna294@outlook.com,+34 946 56 37 57,2022-09-21,Sevilla
U93227,Delia,Cantero,cantero415@outlook.com,+34 968138878,2022-10-31,Bilbao
U31635,Omar,Peralta,peralta77@yahoo.com,+34960 13 64 63,2023-01-24,Málaga
U22101,Rebeca,Zamorano,zamorano884@hotmail.com,+34803989691,2024-10-05,Málaga
U14730,Angelina,Gimenez,gimenez433@aol.com,+34874 361 274,2022-03-03,Madrid
U83670,Verónica,Marín,marín496@aol.com,+34877 824 527,2024-04-12,Sevilla
U50058,Eleuterio,Valverde,valverde100@hotmail.com,+34900 52 07 94,2021-12-26,Málaga
U30069,Reinaldo,Mesa,mesa364@yahoo.com,+34926764908,2025-02-08,Sevilla
U50955,Erasmo,Castelló,castelló897@gmail.com,+34800869414,2023-10-24,Valencia
U77712,Jose Ramón,Bautista,bautista412@aol.com,+34971 70 36 26,2022-10-14,Sevilla
U40235,Josué,Bernad,bernad371@aol.com,+34714 50 95 93,2020-08-27,Sevilla
U57469,Norberto,Barrena,barrena396@outlook.com,+34976717948,2021-08-19,Valencia
U83193,Calista,Carreño,carreño182@aol.com,+34988 97 61 40,2020-07-26,Bilbao
U46107,Estrella,Campo,campo133@aol.com,+34849 06 98 05,2021-11-23,Madrid
U82128,Mercedes,Samper,samper611@aol.com,+34 820 42 94 88,2022-08-26,Valencia
U72765,Estrella,Domínguez,domínguez202@aol.com,+34902491872,2023-04-14,Barcelona
U83498,Natividad,Montenegro,montenegro625@outlook.com,+34925 145 860,2021-04-25,Sevilla
U60520,Remigio,Querol,querol43@outlook.com,+34 880 035 557,2023-12-08,Sevilla
U78442,Adelina,Coll,coll705@gmail.com,+34 822 131 255,2021-09-13,Zaragoza
U16614,Anna,Rojas,rojas918@yahoo.com,+34 923 46 54 94,2021-04-30,Málaga
U22880,Jenaro,Castell,castell964@outlook.com,+34 923 02 42 35,2024-09-29,Madrid
U31036,Vidal,Piñol,piñol541@gmail.com,+34 807 501 250,2024-04-02,Bilbao
U64810,Macaria,Piquer,piquer693@outlook.com,+34 825 675 007,2020-04-19,Madrid
U97183,Montserrat,Núñez,núñez29@aol.com,+34820434111,2022-10-22,Madrid
U97521,Nerea,Sierra,sierra515@gmail.com,+34949895057,2023-09-10,Bilbao
U93622,Vanesa,Mate,mate554@outlook.com,+34 823 452 396,2023-04-08,Zaragoza
U28495,Raquel,Grau,grau320@outlook.com,+34 847428747,2020-05-26,Bilbao
U90714,Jenaro,Méndez,méndez261@aol.com,+34 984 95 22 34,2024-06-26,Valencia
U75267,Tatiana,Valderrama,valderrama38@gmail.com,+34948234428,2021-05-27,Málaga
U27679,Luis Ángel,Reig,reig16@outlook.com,+34949 134 502,2023-02-21,Sevilla
U73716,Amelia,Sureda,sureda780@outlook.com,+34825 39 18 34,2025-02-12,Madrid
U55710,Leonardo,Ramón,ramón961@outlook.com,+34 967231766,2022-07-13,Zaragoza
U96415,César,Alba,alba268@gmail.com,+34 974 01 34 69,2024-10-21,Málaga
U97467,Rosendo,Agustí,agustí832@aol.com,+34 884 34 99 39,2022-12-25,Málaga
U71606,Sarita,Sandoval,sandoval546@yahoo.com,+34711 308 567,2024-01-19,Valencia
U10283,Atilio,Casals,casals498@outlook.com,+34874374040,2020-07-09,Sevilla
U25745,Rosario,Ródenas,ródenas483@hotmail.com,+34922 530 577,2020-05-21,Barcelona
U46872,Gregorio,Figueras,figueras259@aol.com,+34 815851150,2020-05-16,Madrid
U10211,Gabriel,Ballester,ballester97@aol.com,+34 872 16 05 83,2023-01-31,Madrid
U14689,Heliodoro,Company,company40@hotmail.com,+34971 08 47 85,2024-08-05,Valencia
U57882,Darío,Blanch,blanch591@outlook.com,+34 844 72 39 21,2023-09-02,Bilbao
U54614,Sarita,Arteaga,arteaga775@outlook.com,+34 973 58 77 97,2024-10-16,Valencia
U69620,Gil,Alcolea,alcolea735@hotmail.com,+34985303083,2024-06-26,Valencia
U31983,Francisco Jose,Morillo,morillo916@aol.com,+34827195422,2020-11-10,Bilbao
U52348,Pepita,Redondo,redondo618@yahoo.com,+34973706024,2024-01-04,Zaragoza
U53777,Mirta,Sancho,sancho748@hotmail.com,+34725 12 48 99,2022-03-01,Madrid
U97049,Reinaldo,Bou,bou357@yahoo.com,+34 928 28 73 84,2023-08-04,Barcelona
U34288,Jose Angel,Montalbán,montalbán717@outlook.com,+34900 69 56 77,2022-01-27,Bilbao
U54824,Blanca,Alcántara,alcántara218@gmail.com,+34 928 762 200,2024-03-08,Sevilla
U66886,Calixto,Molins,molins766@yahoo.com,+34 839 520 561,2024-12-27,Valencia
U36285,Rebeca,Garrido,garrido138@aol.com,+34846 27 44 61,2024-12-01,Bilbao
U17034,Elena,Trillo,trillo534@hotmail.com,+34 887536001,2024-11-14,Barcelona
U71326,Cosme,Arjona,arjona579@outlook.com,+34 926 93 70 14,2023-09-25,Bilbao
U44406,Edelmira,Sosa,sosa497@yahoo.com,+34 884 569 608,2022-01-25,Valencia
U27844,Patricio,Acuña,acuña974@gmail.com,+34 888 704 680,2024-04-10,Sevilla
U63166,Laura,Yáñez,yáñez140@yahoo.com,+34 884 49 94 51,2024-08-11,Zaragoza
U94758,Albano,Amigó,amigó717@yahoo.com,+34823 96 15 50,2024-11-03,Zaragoza
U29780,Jessica,Mendoza,mendoza157@outlook.com,+34 883 97 50 19,2022-08-09,Valencia
U62674,Gustavo,Arroyo,arroyo247@gmail.com,+34943 73 52 53,2024-02-04,Valencia
U13366,Raquel,Llorens,llorens971@gmail.com,+34 831061253,2023-03-30,Valencia
U29018,Sandra,Cuadrado,cuadrado305@gmail.com,+34822178962,2024-01-13,Bilbao
U60020,Abel,Cañizares,cañizares946@hotmail.com,+34988453881,2024-01-19,Bilbao
U15770,Viviana,Fiol,fiol305@yahoo.com,+34977 803 544,2024-05-17,Sevilla
U93996,Rómulo,Enríquez,enríquez900@aol.com,+34983 20 69 40,2023-03-04,Barcelona
U68227,Xiomara,Carpio,carpio520@yahoo.com,+34 843576802,2020-06-13,Sevilla
U44955,Pascual,López,lópez408@yahoo.com,+34 822 313 066,2020-10-23,Zaragoza
U29666,Ricardo,Padilla,padilla642@gmail.com,+34902846483,2023-09-22,Málaga
U19617,Nicolás,Sánchez,sánchez111@hotmail.com,+34 976 667 853,2020-05-30,Madrid
U56637,Dani,Gonzalez,gonzalez530@hotmail.com,+34 978 062 538,2024-10-22,Valencia
U43795,Elodia,Talavera,talavera119@yahoo.com,+34933 96 73 39,2022-06-09,Valencia
U85562,Sol,Ortuño,ortuño972@gmail.com,+34 972 729 065,2022-10-04,Madrid
U64791,Benigna,Duran,duran244@aol.com,+34 847031340,2024-08-25,Sevilla
U68107,Amando,Villanueva,villanueva3@aol.com,+34 874 46 48 71,2024-02-06,Málaga
U55813,Carlito,Jove,jove102@outlook.com,+34845 595 846,2022-09-16,Sevilla
U68094,Teresita,Sureda,sureda989@hotmail.com,+34 941 86 62 10,2023-11-21,Málaga
U90798,Manolo,Calderon,calderon882@gmail.com,+34872553251,2021-10-28,Madrid
U59981,Sigfrido,Bru,bru78@outlook.com,+34 881 07 81 56,2023-01-30,Barcelona
U30923,Omar,Torralba,torralba300@yahoo.com,+34 876 87 68 24,2021-10-04,Bilbao
U50059,Andrea,Fuertes,fuertes967@aol.com,+34 715 42 07 98,2022-05-26,Bilbao
U22058,Yago,Alcalde,alcalde440@yahoo.com,+34969 063 945,2021-11-06,Madrid
U85490,Segismundo,Otero,otero934@aol.com,+34 923 826 345,2021-11-09,Bilbao
U62345,Abril,Vicente,vicente310@aol.com,+34982 17 37 93,2023-09-04,Bilbao
U78569,Lucía,Talavera,talavera687@gmail.com,+34 982 30 25 80,2022-08-13,Málaga
U61117,Quirino,Carrasco,carrasco68@yahoo.com,+34 821822798,2022-12-03,Barcelona
U64164,Lucía,Leal,leal297@outlook.com,+34 841 33 54 29,2022-04-30,Barcelona
U13540,Sigfrido,Arranz,arranz197@aol.com,+34 888835899,2021-12-15,Barcelona
U66845,Dominga,Andrade,andrade875@yahoo.com,+34 921 896 079,2024-06-08,Bilbao
U60211,Cloe,Alberto,alberto160@yahoo.com,+34 813 44 99 95,2023-01-09,Valencia
U64585,Paola,Pino,pino80@outlook.com,+34847 497 273,2022-03-18,Barcelona
U79392,Esteban,Llopis,llopis584@aol.com,+34 982 00 01 79,2021-09-24,Sevilla
U45065,María Dolores,Cabo,cabo301@aol.com,+34927 802 459,2020-08-06,Valencia
U99343,Loida,Pazos,pazos472@yahoo.com,+34876 06 43 20,2022-05-13,Barcelona
U21575,Mateo,Zamora,zamora291@yahoo.com,+34886 131 019,2021-11-09,Sevilla
U77700,Eustaquio,Carrión,carrión314@gmail.com,+34803 709 263,2023-12-15,Madrid
U35913,Begoña,Sala,sala892@aol.com,+34843 692 001,2021-02-07,Bilbao
U34606,Nerea,Cabeza,cabeza88@gmail.com,+34913543161,2021-11-19,Barcelona
U32313,Teresa,Falcó,falcó103@yahoo.com,+34821 527 388,2022-02-20,Valencia
U72046,Genoveva,Sarmiento,sarmiento74@gmail.com,+34 871 602 549,2022-08-01,Bilbao
U91296,Teo,Arranz,arranz118@hotmail.com,+34806 142 024,2020-12-18,Sevilla
U91521,Francisco Javier,Corominas,corominas72@gmail.com,+34 872 64 51 61,2020-11-21,Madrid
U18966,Julia,Blanch,blanch149@gmail.com,+34 823 75 01 07,2020-04-30,Valencia
U32899,Paola,Valenzuela,valenzuela143@outlook.com,+34823 989 734,2021-09-28,Málaga
U10245,Timoteo,Cuenca,cuenca338@aol.com,+34880 51 90 19,2021-08-12,Madrid
U95488,Juliana,León,león81@hotmail.com,+34 948 017 812,2023-12-16,Valencia
U69246,Jose Miguel,Montero,montero748@outlook.com,+34824210411,2022-12-25,Barcelona
U10933,Miguel,Fuster,fuster558@gmail.com,+34885 10 74 34,2023-10-17,Barcelona
U37701,Máxima,Ángel,ángel250@aol.com,+34944 489 443,2021-04-02,Málaga
U92977,Macarena,Hernandez,hernandez487@hotmail.com,+34 974 816 650,2021-11-17,Málaga
U55767,Espiridión,Beltrán,beltrán739@outlook.com,+34822 386 138,2023-10-21,Sevilla
U55091,Flavia,Correa,correa960@hotmail.com,+34 825 58 71 98,2025-01-04,Madrid
U49469,Azeneth,Nicolau,nicolau168@gmail.com,+34849002384,2024-12-25,Madrid
U91371,Marcia,Busquets,busquets557@yahoo.com,+34942199066,2023-08-26,Málaga
U72550,Cristina,Comas,comas599@aol.com,+34 885367496,2024-03-09,Sevilla
U41781,Mohamed,Ballesteros,ballesteros257@aol.com,+34941323657,2023-07-13,Sevilla
U65297,Camilo,Pons,pons508@yahoo.com,+34 847 17 33 05,2023-04-13,Barcelona
U55735,Eladio,Barriga,barriga544@hotmail.com,+34921412872,2020-12-26,Zaragoza
U15440,María Ángeles,Pina,pina108@gmail.com,+34974 488 827,2022-09-02,Sevilla
U10308,Dionisia,Lerma,lerma313@aol.com,+34 914 409 224,2023-12-08,Málaga
U38025,Ariadna,Checa,checa737@aol.com,+34988 42 98 39,2020-07-09,Zaragoza
U98894,Eutimio,Bartolomé,bartolomé263@yahoo.com,+34 928 655 017,2023-02-22,Málaga
U73361,Ángel,Sosa,sosa23@gmail.com,+34 987729903,2024-04-27,Zaragoza
U38616,Febe,Orozco,orozco644@aol.com,+34 879563275,2023-12-04,Málaga
U43023,Flavia,Haro,haro259@gmail.com,+34 980 842 887,2020-07-22,Zaragoza
U53475,Leonardo,Vives,vives42@outlook.com,+34 972 741 259,2023-10-12,Barcelona
U77904,Néstor,Izquierdo,izquierdo307@outlook.com,+34701009897,2025-01-23,Madrid
U23026,José Luis,Arce,arce875@hotmail.com,+34 847 84 33 75,2020-10-20,Sevilla
U37446,Silvestre,Abril,abril709@hotmail.com,+34976966112,2022-12-08,Madrid
U62217,Armida,Puga,puga814@outlook.com,+34 945 984 808,2023-11-10,Valencia
U28481,Tecla,Urrutia,urrutia738@aol.com,+34983307876,2023-12-06,Málaga
U59775,Jafet,Castro,castro555@aol.com,+34921 671 527,2023-02-21,Bilbao
U73623,Abril,Moll,moll308@outlook.com,+34 949 55 46 52,2024-02-21,Madrid
U71856,Fabricio,Estévez,estévez317@outlook.com,+34 873 567 175,2023-11-10,Sevilla
U82915,Julián,Rojas,rojas900@aol.com,+34 942 353 962,2022-05-02,Bilbao
U25917,Eulalia,Doménech,doménech67@yahoo.com,+34 988 62 49 09,2024-11-04,Barcelona
U66043,Atilio,Gisbert,gisbert501@gmail.com,+34 803923547,2022-04-02,Valencia
U88688,Ale,Riba,riba960@hotmail.com,+34820324239,2020-12-30,Madrid
U90890,Purificación,Lerma,lerma106@gmail.com,+34 973 776 245,2021-10-23,Zaragoza
U24228,Kike,Jordán,jordán537@gmail.com,+34694667610,2022-06-24,Sevilla
U83515,Carlos,Castrillo,castrillo683@hotmail.com,+34881 404 560,2020-12-05,Valencia
U95607,Cayetano,Alegria,alegria68@yahoo.com,+34 960540802,2022-11-27,Madrid
U88795,Amelia,Páez,páez576@gmail.com,+34885 910 734,2023-04-13,Valencia
U43122,Flora,Jiménez,jiménez612@yahoo.com,+34823 72 75 13,2023-06-02,Bilbao
U49503,Godofredo,Ariño,ariño356@hotmail.com,+34 828 79 00 09,2024-05-16,Madrid
U90789,Lina,Estevez,estevez898@gmail.com,+34 981 634 673,2022-12-27,Madrid
U85965,Isa,Ibáñez,ibáñez743@gmail.com,+34956 762 320,2022-01-03,Zaragoza
U99930,Vera,Cordero,cordero324@aol.com,+34713 09 96 22,2023-07-12,Zaragoza
U45635,Trini,Mancebo,mancebo361@gmail.com,+34 942929977,2022-04-22,Málaga
U86469,Albano,Ocaña,ocaña726@gmail.com,+34 828 892 579,2023-03-19,Sevilla
U50563,Rómulo,Quintero,quintero583@gmail.com,+34974 22 32 93,2021-01-21,Barcelona
U69827,Ariadna,Llobet,llobet983@gmail.com,+34985572233,2022-12-08,Valencia
U40425,Maristela,González,gonzález299@yahoo.com,+34942 715 002,2020-09-27,Barcelona
U87183,Juan Antonio,Benavente,benavente885@hotmail.com,+34 972432163,2024-04-25,Barcelona
U60302,Guillermo,Cordero,cordero654@yahoo.com,+34 956 45 46 72,2024-07-30,Barcelona
U53004,Isaías,Corral,corral38@yahoo.com,+34919502464,2023-05-05,Málaga
U68645,Adán,Carrera,carrera851@yahoo.com,+34 901 660 416,2024-11-24,Bilbao
U46037,Maribel,Gallo,gallo333@hotmail.com,+34947 19 46 51,2025-01-29,Madrid
U99857,Hipólito,Mayo,mayo879@outlook.com,+34844 84 73 86,2020-10-18,Bilbao
U95032,Perlita,Pellicer,pellicer441@yahoo.com,+34959 362 045,2020-03-28,Madrid
U85691,Rosa,Arellano,arellano806@hotmail.com,+34902712211,2021-01-01,Bilbao
U76798,Hugo,Jáuregui,jáuregui729@yahoo.com,+34885 25 21 41,2022-03-28,Valencia
U45633,Claudia,Arcos,arcos888@gmail.com,+34949 143 327,2021-09-21,Málaga
U23292,José Ángel,Polo,polo464@aol.com,+34 842 32 93 85,2024-05-01,Málaga
U68911,Silvia,Montaña,montaña252@yahoo.com,+34927621777,2020-10-06,Zaragoza
U34486,Isaura,Checa,checa7@gmail.com,+34976 07 21 55,2022-01-28,Barcelona
U92527,Amarilis,Aroca,aroca522@outlook.com,+34 884362823,2021-01-27,Zaragoza
U44310,Juan Manuel,Botella,botella38@gmail.com,+34888 500 253,2022-05-23,Zaragoza
U91855,Abril,Cortes,cortes661@aol.com,+34 977 404 115,2022-11-02,Madrid
U32407,Demetrio,Grau,grau994@outlook.com,+34977976736,2021-07-14,Barcelona
U35981,Milagros,Mínguez,mínguez971@yahoo.com,+34985 13 73 38,2025-03-04,Zaragoza
U88840,Belen,Ibañez,ibañez823@gmail.com,+34828 899 247,2020-08-24,Madrid
U87370,Aitor,Díaz,díaz273@yahoo.com,+34 922 02 44 89,2024-10-11,Sevilla
U52474,Juan Bautista,Malo,malo636@hotmail.com,+34 828447387,2024-01-24,Valencia
U27191,Sarita,Barriga,barriga511@gmail.com,+34922868411,2024-07-02,Valencia
U58422,Gloria,Alemany,alemany792@aol.com,+34 987083050,2023-05-30,Valencia
U58470,Diego,Solano,solano334@yahoo.com,+34 820 190 716,2020-03-25,Sevilla
U74546,Estrella,Galindo,galindo14@yahoo.com,+34874 80 65 37,2021-05-08,Madrid
U67131,Kike,Mesa,mesa923@outlook.com,+34873632244,2025-02-23,Zaragoza
U59355,Duilio,Porta,porta127@yahoo.com,+34 704 92 44 10,2021-07-02,Barcelona
U13680,Artemio,Benavent,benavent78@yahoo.com,+34982 71 14 32,2022-01-11,Málaga
U58988,Alberto,Bauzà,bauzà239@outlook.com,+34987 184 277,2024-03-29,Valencia
U71201,Laura,Montenegro,montenegro291@gmail.com,+34 845 605 660,2022-05-26,Sevilla
U86438,Primitiva,Rodrigo,rodrigo948@gmail.com,+34 844 32 39 93,2022-07-08,Madrid
U41320,Rosario,Pereira,pereira155@aol.com,+34 883 928 580,2024-10-05,Madrid
U93879,Tadeo,Martí,martí515@yahoo.com,+34873 06 91 79,2023-04-01,Bilbao
U38285,Ruth,Miguel,miguel295@hotmail.com,+34980648957,2023-06-05,Madrid
U43634,Damián,Maestre,maestre371@hotmail.com,+34 976 69 64 48,2020-05-28,Sevilla
U58706,Virgilio,Cabezas,cabezas892@hotmail.com,+34 821 61 07 75,2021-10-08,Sevilla
U58046,Lupita,Torrent,torrent140@yahoo.com,+34884 252 124,2024-02-03,Barcelona
U51667,Elba,Lasa,lasa484@yahoo.com,+34972 832 293,2024-12-29,Madrid
U77052,Armida,Vallejo,vallejo634@yahoo.com,+34965 87 17 44,2021-11-01,Bilbao
U42415,Pascual,Sanabria,sanabria815@hotmail.com,+34 722 80 77 55,2021-06-09,Barcelona
U82783,Teodoro,Coello,coello127@hotmail.com,+34925 69 29 17,2024-02-24,Bilbao
U81174,Genoveva,Borrás,borrás34@aol.com,+34 978 307 117,2021-08-30,Bilbao
U71775,Eli,Dominguez,dominguez758@aol.com,+34979 15 32 44,2023-04-11,Valencia
U26154,Salomón,Antúnez,antúnez317@gmail.com,+34825712659,2022-02-06,Zaragoza
U29489,Olalla,Valderrama,valderrama969@hotmail.com,+34879 932 890,2023-09-16,Madrid
U26664,Emperatriz,Bernal,bernal374@outlook.com,+34 927 556 944,2022-06-16,Valencia
U59944,Susana,Feliu,feliu346@yahoo.com,+34 943 49 59 95,2021-05-06,Málaga
U22859,Nilo,Mateo,mateo744@gmail.com,+34 820 546 694,2022-01-25,Málaga
U22664,Julián,Español,español948@gmail.com,+34723 88 07 41,2021-04-03,Bilbao
U71422,Felix,Miguel,miguel749@aol.com,+34972892066,2024-09-15,Sevilla
U50772,Ariel,Tello,tello619@gmail.com,+34 971 74 75 73,2023-01-15,Barcelona
U67657,Lucila,Giralt,giralt537@gmail.com,+34 928536493,2020-09-10,Zaragoza
U13612,Tecla,Arroyo,arroyo822@gmail.com,+34827350420,2022-03-30,Sevilla
U96574,Custodio,Quevedo,quevedo228@yahoo.com,+34984 55 40 64,2022-11-19,Barcelona
U94359,Mirta,Oller,oller127@aol.com,+34 975 70 63 91,2023-06-15,Bilbao
U57263,Guiomar,Saavedra,saavedra885@hotmail.com,+34 945 90 57 91,2021-03-06,Zaragoza
U92600,María Cristina,Carrasco,carrasco163@aol.com,+34825 90 37 81,2022-06-02,Barcelona
U71158,Raquel,Espinosa,espinosa923@yahoo.com,+34 947 378 403,2023-04-03,Bilbao
U58497,Esperanza,Mendizábal,mendizábal980@gmail.com,+34877 05 15 12,2023-12-24,Barcelona
U20559,Rosa María,Morell,morell519@yahoo.com,+34986 46 86 55,2024-12-31,Madrid
U75517,Domingo,Rius,rius720@outlook.com,+34900402349,2023-09-23,Valencia
U59460,Wilfredo,Ortega,ortega72@hotmail.com,+34821 70 67 71,2021-12-05,Málaga
U28889,Felix,Maldonado,maldonado852@outlook.com,+34 943866115,2021-05-01,Zaragoza
U88723,Dalila,Lara,lara381@hotmail.com,+34 948732554,2023-02-25,Valencia
U95482,Victor,Acero,acero905@outlook.com,+34845 10 82 45,2024-08-02,Barcelona
U50362,Rosalina,Gabaldón,gabaldón408@hotmail.com,+34 872008442,2020-12-02,Madrid
U62920,Verónica,Pascual,pascual10@hotmail.com,+34968093025,2021-05-26,Zaragoza
U89585,Ileana,Roldán,roldán322@aol.com,+34 977 698 001,2022-09-13,Valencia
U13701,Olimpia,Arias,arias388@gmail.com,+34885 79 91 35,2023-07-15,Barcelona
U98878,Renato,Soler,soler34@yahoo.com,+34926276551,2023-09-30,Barcelona
U33582,Angelino,Caro,caro633@yahoo.com,+34729 982 024,2023-04-30,Barcelona
U84493,Jerónimo,Coloma,coloma38@hotmail.com,+34 873 03 49 86,2023-10-20,Zaragoza
U42165,Carlito,Roldan,roldan840@aol.com,+34 844 20 31 54,2023-01-14,Málaga
U95072,Nazaret,Múñiz,múñiz500@aol.com,+34 728 42 97 70,2021-10-18,Zaragoza
U24821,Máximo,Simó,simó871@outlook.com,+34646 719 845,2025-01-02,Madrid
U78457,Cesar,Guijarro,guijarro680@outlook.com,+34 822 570 536,2020-12-30,Bilbao
U45932,Inocencio,Crespi,crespi420@hotmail.com,+34822 66 77 63,2022-02-04,Zaragoza
U19425,Teodoro,Pineda,pineda802@outlook.com,+34887047472,2021-03-11,Zaragoza
U88594,Ainoa,Calderón,calderón494@outlook.com,+34 976394535,2022-06-18,Málaga
U77437,Nadia,Galván,galván732@outlook.com,+34842 75 39 13,2024-06-21,Sevilla
U30898,Fanny,León,león553@yahoo.com,+34 845 46 65 40,2024-10-08,Málaga
U65179,Nilo,Montalbán,montalbán379@yahoo.com,+34806 83 78 56,2021-01-28,Málaga
U86387,Juanita,Rosado,rosado426@aol.com,+34 742737851,2023-02-19,Zaragoza
U17797,Luis Miguel,Rueda,rueda439@yahoo.com,+34 746 09 98 39,2024-07-19,Sevilla
U60010,Jose Ramón,Lozano,lozano970@aol.com,+34 983 403 622,2024-08-01,Bilbao
U54039,Edu,Barberá,barberá642@yahoo.com,+34883 83 15 05,2024-05-28,Bilbao
U78221,Alfredo,Toro,toro778@outlook.com,+34 822006148,2021-08-06,Valencia
U19782,Cebrián,Antón,antón432@hotmail.com,+34706 11 42 90,2023-05-23,Sevilla
U72875,Clementina,Cuadrado,cuadrado418@hotmail.com,+34821 439 452,2022-05-16,Valencia
U32507,Anacleto,Catalán,catalán409@yahoo.com,+34 826 845 053,2022-09-13,Madrid
U58771,Armando,Crespi,crespi787@aol.com,+34921755641,2021-12-31,Madrid
U29761,Román,Antúnez,antúnez120@hotmail.com,+34 920 498 504,2024-12-26,Barcelona
U31156,Aurora,Mir,mir143@outlook.com,+34971510781,2024-02-17,Bilbao
U75290,Sol,Santamaria,santamaria261@gmail.com,+34 982 91 10 04,2021-04-13,Zaragoza
U71025,Cruz,Francisco,francisco9@gmail.com,+34 827 119 772,2021-12-09,Bilbao
U82569,María Pilar,Coll,coll100@gmail.com,+34971075045,2024-05-10,Valencia
U16049,Alejandro,Cortes,cortes357@aol.com,+34 902 40 56 40,2023-02-25,Bilbao
U69630,Candela,Peralta,peralta231@outlook.com,+34 948 48 23 26,2023-08-11,Sevilla
U36523,Reyes,Macías,macías704@gmail.com,+34 875 29 70 73,2023-01-11,Zaragoza
U19056,Lina,Huguet,huguet618@outlook.com,+34876 269 198,2023-01-06,Barcelona
U99974,Aurelia,Estrada,estrada937@gmail.com,+34 803 21 04 64,2022-06-04,Madrid
U76261,Iván,Maldonado,maldonado861@outlook.com,+34845034814,2022-10-03,Zaragoza
U91305,Sofía,Cuesta,cuesta371@yahoo.com,+34 847 00 19 10,2024-09-08,Málaga
U23595,Febe,Cabanillas,cabanillas456@aol.com,+34915 487 542,2020-04-27,Barcelona
U28057,Eric,Agustí,agustí938@gmail.com,+34986465880,2025-02-09,Valencia
U86765,Anabel,Lara,lara240@gmail.com,+34983 38 82 91,2023-12-09,Málaga
U74658,Ana Sofía,Badía,badía848@outlook.com,+34884 196 997,2023-07-22,Barcelona
U30641,Soledad,Jerez,jerez953@yahoo.com,+34 848587793,2023-12-23,Sevilla
U48584,Emiliano,Grande,grande365@yahoo.com,+34823 26 35 58,2021-07-26,Zaragoza
U37319,Maricela,Blanes,blanes719@yahoo.com,+34 845 16 36 45,2022-09-04,Sevilla
U44144,Asdrubal,Rueda,rueda374@yahoo.com,+34 885 001 999,2022-12-30,Málaga
U41425,Judith,Solé,solé265@yahoo.com,+34856 455 314,2024-05-07,Valencia
U83563,Reinaldo,Morell,morell658@yahoo.com,+34 986 22 19 67,2023-07-16,Zaragoza
U87962,Eleuterio,Escribano,escribano55@aol.com,+34 824 76 66 87,2021-05-07,Barcelona
U21957,Margarita,Rosado,rosado124@aol.com,+34985 71 01 03,2023-03-26,Sevilla
U43677,Saturnino,Mascaró,mascaró710@aol.com,+34 826082812,2024-10-09,Barcelona
U79255,Encarnación,Abella,abella622@gmail.com,+34841 83 54 99,2021-07-10,Sevilla
U99480,Encarnita,Velasco,velasco530@yahoo.com,+34 933279223,2024-06-29,Barcelona
U19600,Brunilda,Juárez,juárez325@yahoo.com,+34 731430849,2023-06-14,Sevilla
U83519,Yolanda,Cisneros,cisneros572@aol.com,+34 982754628,2020-07-12,Madrid
U33768,Mariana,Escamilla,escamilla463@aol.com,+34971 67 94 09,2021-08-26,Bilbao
U67717,Adrián,Guillen,guillen89@outlook.com,+34 877325410,2022-07-18,Bilbao
U27735,Feliciana,Español,español765@aol.com,+34 942 510 611,2023-06-30,Sevilla
U47378,Moreno,Alfaro,alfaro26@hotmail.com,+34 847 51 26 00,2020-05-05,Zaragoza
U75985,Rosalinda,Benet,benet500@gmail.com,+34 844 293 836,2020-10-18,Bilbao
U78716,Abilio,Ibáñez,ibáñez91@yahoo.com,+34879 71 76 79,2020-08-27,Madrid
U55750,Francisco Jose,Espinosa,espinosa46@gmail.com,+34859 93 25 42,2023-01-23,Barcelona
U67253,Aurelia,Gómez,gómez539@outlook.com,+34874 003 014,2022-11-01,Barcelona
U16566,Delfina,Fuertes,fuertes918@gmail.com,+34811 346 035,2022-01-10,Barcelona
U35062,Abel,Maldonado,maldonado560@aol.com,+34 973 937 146,2022-03-20,Zaragoza
U68659,Perla,Capdevila,capdevila794@gmail.com,+34 982403273,2024-03-28,Sevilla
U35273,Martín,Castillo,castillo840@hotmail.com,+34876 400 755,2021-08-27,Zaragoza
U22492,Lupita,Lucena,lucena43@aol.com,+34946153755,2021-11-11,Zaragoza
U60244,Bartolomé,Royo,royo883@hotmail.com,+34 812 43 05 05,2024-04-06,Barcelona
U21084,Fátima,Iñiguez,iñiguez637@outlook.com,+34877 19 28 45,2025-02-11,Barcelona
U38899,Raúl,Escrivá,escrivá138@aol.com,+34 823 486 085,2021-01-03,Madrid
U97424,Asunción,Rivas,rivas476@gmail.com,+34 937858975,2020-12-01,Bilbao
U49066,Pascuala,Mancebo,mancebo954@gmail.com,+34813 549 838,2021-06-04,Sevilla
U97707,Carlito,Santamaría,santamaría257@hotmail.com,+34844 51 81 64,2024-07-28,Barcelona
U17178,Crescencia,Núñez,núñez623@yahoo.com,+34928476223,2021-09-06,Málaga
U90935,Marcos,Llamas,llamas545@outlook.com,+34875 931 516,2022-08-17,Sevilla
U25580,Isabela,Narváez,narváez275@hotmail.com,+34 740 071 056,2022-02-21,Madrid
U21554,Consuelo,Salinas,salinas603@outlook.com,+34874 13 72 92,2022-08-09,Madrid
U85375,Marcio,Cano,cano808@outlook.com,+34 984 93 43 18,2025-01-21,Valencia
U56134,Candelas,Barceló,barceló730@yahoo.com,+34 672994940,2021-07-03,Zaragoza
U82164,Hugo,Fuertes,fuertes175@gmail.com,+34873 08 29 52,2023-06-24,Madrid
U36443,Rubén,Cadenas,cadenas368@yahoo.com,+34 923 118 186,2022-01-04,Zaragoza
U13845,José Mari,Baró,baró546@yahoo.com,+34822 552 372,2022-06-01,Sevilla
U69187,Ricardo,Alfaro,alfaro484@hotmail.com,+34 879 33 38 64,2021-02-08,Zaragoza
U16188,Ale,Nebot,nebot246@yahoo.com,+34949 829 548,2021-04-26,Málaga
U55848,Santos,Perera,perera792@gmail.com,+34 826860611,2024-03-03,Madrid
U88186,Trinidad,Salvador,salvador155@hotmail.com,+34844455303,2021-11-28,Zaragoza
U77672,Cristina,Montoya,montoya805@aol.com,+34 944 171 410,2021-04-05,Sevilla
U61796,Victoria,Cánovas,cánovas950@gmail.com,+34886 159 344,2024-06-21,Zaragoza
U19417,Claudio,Carpio,carpio83@gmail.com,+34 944845150,2024-05-19,Barcelona
U62247,Saturnino,Toro,toro219@gmail.com,+34972 98 17 02,2022-01-21,Sevilla
U43786,Prudencio,Maza,maza619@outlook.com,+34 984 22 16 65,2023-11-20,Málaga
U21418,Nieves,Alberto,alberto142@gmail.com,+34879 02 17 37,2024-07-15,Barcelona
U58181,Javi,Tenorio,tenorio960@hotmail.com,+34 807 741 629,2020-03-26,Sevilla
U52987,Xiomara,Barriga,barriga307@hotmail.com,+34828 56 63 66,2021-05-24,Barcelona
U67512,Charo,Machado,machado182@hotmail.com,+34 800 20 90 11,2024-11-19,Bilbao
U91662,Íñigo,Moll,moll314@hotmail.com,+34 981922050,2024-08-02,Madrid
U61177,Luisina,Montero,montero85@aol.com,+34848 55 34 37,2021-06-10,Bilbao
U52723,Zacarías,Perales,perales99@aol.com,+34 975586689,2021-09-20,Sevilla
U36086,Luis Miguel,Cerdán,cerdán522@yahoo.com,+34 954244032,2020-03-28,Sevilla
U25043,Leandro,Beltran,beltran450@gmail.com,+34946 016 135,2023-09-04,Barcelona
U45850,Julie,Cózar,cózar649@outlook.com,+34933312834,2021-09-21,Málaga
U12203,Susanita,Falcón,falcón702@aol.com,+34 926 447 259,2022-09-30,Barcelona
U88579,Soraya,Pons,pons995@gmail.com,+34 880 94 30 69,2021-04-01,Madrid
U79160,Tere,Palomo,palomo605@hotmail.com,+34 962735988,2024-02-09,Sevilla
U72211,Tito,Morales,morales782@gmail.com,+34885578012,2022-12-31,Bilbao
U74338,Ema,Iniesta,iniesta251@aol.com,+34983 57 20 43,2022-12-25,Málaga
U86518,Fidela,Ibarra,ibarra791@yahoo.com,+34887 39 01 24,2021-01-25,Valencia
U94685,Águeda,Gomila,gomila782@yahoo.com,+34926326486,2021-05-18,Zaragoza
U89496,Nayara,Gargallo,gargallo492@yahoo.com,+34 974 969 204,2021-04-25,Bilbao
U18535,Gabino,Duarte,duarte356@hotmail.com,+34 871 22 88 44,2023-12-23,Madrid
U62012,Vanesa,Ballesteros,ballesteros583@aol.com,+34 981560387,2022-06-23,Barcelona
U65581,Diana,Fabra,fabra920@aol.com,+34976 33 37 76,2024-11-24,Bilbao
U81660,Lisandro,Agudo,agudo269@hotmail.com,+34875 68 61 13,2024-04-18,Sevilla
U87432,Brunilda,Garmendia,garmendia421@outlook.com,+34824378738,2023-08-17,Madrid
U36633,Edmundo,Gallart,gallart718@gmail.com,+34 934 371 328,2023-06-02,Madrid
U82301,Juan Pablo,Haro,haro228@gmail.com,+34 723 10 49 18,2023-04-18,Bilbao
U28231,Marina,Vilanova,vilanova525@gmail.com,+34887 93 24 30,2021-05-01,Málaga
U96284,Belen,Requena,requena389@aol.com,+34851 340 933,2023-08-05,Sevilla
U53460,Maristela,Vall,vall187@yahoo.com,+34 971 45 52 90,2021-02-07,Málaga
U85520,Paca,Ruano,ruano319@gmail.com,+34976159157,2023-09-17,Bilbao
U93856,Osvaldo,Calleja,calleja833@gmail.com,+34725428719,2022-03-19,Valencia
U34476,Evangelina,Alcántara,alcántara213@hotmail.com,+34845389880,2021-05-06,Madrid
U26648,Eligia,Campos,campos778@aol.com,+34 735587531,2023-03-15,Barcelona
U70990,Jafet,Blazquez,blazquez638@hotmail.com,+34922445501,2021-08-28,Sevilla
U55050,Desiderio,Maestre,maestre441@gmail.com,+34901 86 92 61,2020-04-17,Zaragoza
U29266,Aurora,Ribes,ribes56@yahoo.com,+34971 08 34 47,2024-11-10,Madrid
U53115,Tito,Ibañez,ibañez878@aol.com,+34 979947382,2022-09-13,Málaga
U94301,Ángela,Pascual,pascual612@yahoo.com,+34 878 89 04 69,2023-01-04,Valencia
U18443,Belen,Sanz,sanz582@hotmail.com,+34 718 54 49 28,2022-04-22,Valencia
U61547,Fabiana,Patiño,patiño169@aol.com,+34884 60 48 90,2022-05-19,Bilbao
U32659,Encarnacion,Guitart,guitart39@hotmail.com,+34 803 81 54 74,2024-03-03,Bilbao
U98036,Custodio,Guijarro,guijarro429@aol.com,+34 985 28 62 98,2020-11-16,Zaragoza
U46119,Ligia,Oliva,oliva902@hotmail.com,+34945938890,2020-06-26,Sevilla
U44058,María Carmen,Rodríguez,rodríguez601@aol.com,+34847 710 450,2021-12-28,Zaragoza
U53758,Leonor,Trillo,trillo995@outlook.com,+34 830 75 14 14,2021-10-08,Zaragoza
U48283,Severiano,Zamora,zamora708@yahoo.com,+34 926 484 043,2020-05-26,Sevilla
U45794,Martina,Iborra,iborra584@hotmail.com,+34 986 285 737,2020-08-04,Barcelona
U71640,Vicenta,Pinedo,pinedo516@yahoo.com,+34880300502,2020-05-25,Valencia
U13337,Herminia,Arroyo,arroyo110@gmail.com,+34823476569,2023-03-30,Bilbao
U70144,Macarena,Pomares,pomares52@outlook.com,+34 877 74 00 87,2022-08-23,Málaga
U41551,Chucho,Pintor,pintor482@yahoo.com,+34947149406,2021-02-09,Zaragoza
U14078,Flavio,Cortes,cortes813@gmail.com,+34985 72 99 68,2022-12-16,Sevilla
U51693,Benigna,Atienza,atienza874@hotmail.com,+34 928 91 39 05,2023-07-14,Barcelona
U70941,Ildefonso,Aparicio,aparicio847@hotmail.com,+34 902 43 93 48,2022-11-16,Málaga
U80182,Daniela,Cortina,cortina499@yahoo.com,+34 885 16 47 27,2025-01-16,Sevilla
U67416,Rufina,Manrique,manrique435@hotmail.com,+34 984 759 581,2024-07-16,Sevilla
U76271,Benito,Requena,requena211@outlook.com,+34826010747,2024-11-09,Bilbao
U45585,Susanita,Alcázar,alcázar695@outlook.com,+34 843 11 39 50,2024-03-20,Bilbao
U69600,Fausto,Saavedra,saavedra794@hotmail.com,+34974585472,2022-06-12,Valencia
U43781,Clotilde,Murillo,murillo451@gmail.com,+34 872844416,2024-08-03,Zaragoza
U49082,Benigno,Crespi,crespi85@aol.com,+34 942254044,2022-05-16,Zaragoza
U27695,Gracia,Casares,casares861@aol.com,+34 982 476 495,2022-10-01,Bilbao
U89422,Ángel,Ferrera,ferrera842@outlook.com,+34 702 15 20 71,2023-09-13,Sevilla
U86217,Esther,Muro,muro972@gmail.com,+34987 633 899,2023-06-20,Zaragoza
U22791,Ariel,Correa,correa199@gmail.com,+34 866794261,2022-09-05,Barcelona
U99945,Tristán,Viñas,viñas536@hotmail.com,+34871 284 650,2020-12-29,Zaragoza
U33248,Adolfo,Recio,recio261@hotmail.com,+34 820527921,2022-06-28,Bilbao
U44535,Óscar,Múgica,múgica178@yahoo.com,+34971 151 808,2024-02-08,Zaragoza
U11904,Carlota,Casado,casado488@hotmail.com,+34 974307818,2023-10-17,Valencia
U66476,Manu,Pedro,pedro266@hotmail.com,+34 987 91 67 83,2020-08-06,Madrid
U93347,Alicia,Raya,raya875@gmail.com,+34 961508244,2025-01-12,Barcelona
U80990,Florinda,Múgica,múgica132@hotmail.com,+34 875 258 911,2022-05-23,Bilbao
U28234,Edelmiro,Saavedra,saavedra939@outlook.com,+34 842 25 21 15,2020-09-13,Zaragoza
U38985,Luciana,Escolano,escolano597@yahoo.com,+34974 52 89 13,2023-06-22,Valencia
U90332,Ale,Canals,canals818@yahoo.com,+34949 703 401,2021-06-02,Madrid
U22197,Marcial,Cal,cal809@aol.com,+34 821 367 046,2024-06-21,Madrid
U95287,Maricruz,Bastida,bastida531@outlook.com,+34947 580 986,2023-01-18,Sevilla
U87298,Fito,Fernández,fernández231@gmail.com,+34806281013,2023-07-28,Málaga
U66218,Crescencia,Aller,aller619@aol.com,+34864093101,2022-04-28,Valencia
U51301,Teresita,Solsona,solsona409@hotmail.com,+34 887251792,2024-05-17,Málaga
U56297,Arturo,Tejedor,tejedor416@gmail.com,+34 846 529 117,2024-10-25,Madrid
U79115,Marianela,Juliá,juliá138@aol.com,+34822 568 168,2021-01-27,Valencia
U32007,Amaya,Hoz,hoz286@gmail.com,+34 977 53 73 53,2021-07-23,Sevilla
U44012,Dominga,Galán,galán544@aol.com,+34853 906 728,2023-07-28,Valencia
U49855,Leonor,Novoa,novoa860@outlook.com,+34872983342,2021-09-03,Bilbao
U98476,Cándido,Carbajo,carbajo201@gmail.com,+34 902 66 48 13,2023-10-22,Zaragoza
U22672,Martina,Daza,daza570@aol.com,+34973678669,2023-06-12,Zaragoza
U62131,Estrella,Serrano,serrano412@hotmail.com,+34918787672,2024-03-01,Bilbao
U59852,Daniel,Esteban,esteban183@outlook.com,+34 810225299,2025-02-23,Madrid
U40740,Encarnita,Tamayo,tamayo873@hotmail.com,+34988 83 47 93,2020-06-07,Málaga
U89490,Chus,Carpio,carpio343@outlook.com,+34 825 709 058,2020-06-09,Barcelona
U54633,Cleto,Sebastián,sebastián153@outlook.com,+34845 403 645,2021-02-18,Sevilla
U73707,Jacobo,Mendez,mendez132@aol.com,+34946 95 38 17,2024-09-02,Sevilla
U76336,Dalila,Nogués,nogués934@hotmail.com,+34 981 59 28 34,2020-04-25,Zaragoza
U83025,Vilma,Solano,solano164@aol.com,+34 879 919 259,2023-07-29,Bilbao
U95564,Custodio,Macias,macias958@yahoo.com,+34942 308 095,2024-11-10,Barcelona
U70541,Toribio,Montaña,montaña482@hotmail.com,+34 825 87 63 09,2020-05-31,Valencia
U31162,Carmelita,Oller,oller338@hotmail.com,+34 922 917 402,2020-12-01,Zaragoza
U93833,Graciano,Fabregat,fabregat809@hotmail.com,+34683936755,2023-08-17,Valencia
U39576,Amelia,Trujillo,trujillo72@gmail.com,+34706 189 732,2022-09-07,Barcelona
U44186,Timoteo,Pascual,pascual13@yahoo.com,+34 975 38 85 27,2022-11-15,Bilbao
U84843,Joan,Farré,farré857@aol.com,+34 975 631 252,2020-03-26,Valencia
U69003,Almudena,Mayo,mayo326@hotmail.com,+34884054659,2020-07-06,Sevilla
U15187,Domingo,Mariño,mariño559@aol.com,+34971 674 194,2020-07-18,Barcelona
U61615,Florencio,Pastor,pastor783@hotmail.com,+34 960202086,2024-04-21,Zaragoza
U37493,Edelmira,Enríquez,enríquez670@aol.com,+34 983081106,2020-06-10,Sevilla
U89302,Rosenda,Pujol,pujol932@yahoo.com,+34877311868,2020-05-20,Sevilla
U53762,Nazaret,Roldan,roldan76@gmail.com,+34 847 28 59 90,2020-10-12,Valencia
U15869,Ascensión,Hervás,hervás654@outlook.com,+34803 43 09 38,2024-09-21,Málaga
U32237,Nico,Moraleda,moraleda56@outlook.com,+34872141465,2021-01-30,Zaragoza
U95802,Toribio,Salmerón,salmerón867@gmail.com,+34 982985419,2025-01-11,Bilbao
U99967,Lope,Serrano,serrano746@outlook.com,+34960 79 22 11,2023-10-22,Valencia
U85540,Aarón,Roda,roda209@hotmail.com,+34 942 785 657,2022-12-08,Sevilla
U60517,Eusebio,Bonilla,bonilla461@outlook.com,+34 876 109 929,2021-03-22,Bilbao
U30116,Eric,Gisbert,gisbert265@hotmail.com,+34 974343500,2023-11-20,Málaga
U16112,Emilio,Santos,santos615@gmail.com,+34841 68 86 95,2021-07-14,Zaragoza
U16418,Juanito,Solana,solana206@aol.com,+34 941531227,2023-05-11,Sevilla
U54241,Hernán,Gómez,gómez600@hotmail.com,+34878 415 175,2022-07-24,Valencia
U79981,Eulalia,Millán,millán155@yahoo.com,+34 872 963 082,2020-12-31,Zaragoza
U35782,Toño,Uribe,uribe469@aol.com,+34971 761 762,2024-09-06,Sevilla
U17829,Lope,Tudela,tudela813@outlook.com,+34 824 667 363,2024-02-11,Zaragoza
U66683,Loreto,Blanco,blanco600@hotmail.com,+34 615 034 405,2020-10-30,Barcelona
U47917,Daniel,Ortiz,ortiz52@yahoo.com,+34 980 979 309,2023-12-21,Zaragoza
U58608,Plinio,Heredia,heredia19@hotmail.com,+34 980378329,2024-12-04,Madrid
U17722,Javi,Vélez,vélez957@hotmail.com,+34 888 27 95 23,2021-03-07,Barcelona
U98312,Dalila,Sierra,sierra139@gmail.com,+34873360812,2021-05-24,Barcelona
U33273,Agustina,Torres,torres188@outlook.com,+34 872 172 414,2023-06-27,Madrid
U32201,María Ángeles,Gras,gras605@outlook.com,+34 886476156,2024-06-16,Bilbao
U52235,Vera,Font,font574@aol.com,+34 842 16 91 46,2024-12-27,Valencia
U49512,Ariel,Sala,sala973@aol.com,+34884490955,2024-04-14,Valencia
U53063,Renato,Hidalgo,hidalgo242@aol.com,+34 880950514,2020-09-05,Málaga
U35153,Hernando,Peñalver,peñalver815@hotmail.com,+34 872 12 00 32,2022-08-13,Zaragoza
U70144,Ariel,Echevarría,echevarría609@aol.com,+34973 18 36 43,2024-04-27,Zaragoza
U72830,Amor,Conde,conde115@hotmail.com,+34 883 228 996,2025-02-11,Málaga
U78120,Paula,Pino,pino605@outlook.com,+34 821 83 96 17,2022-11-02,Bilbao
U91550,María José,Antón,antón198@outlook.com,+34 834 719 764,2022-03-18,Barcelona
U25127,Xavier,Jaén,jaén477@hotmail.com,+34 943584004,2022-10-27,Sevilla
U93903,Leandro,Tomas,tomas855@aol.com,+34 944029807,2021-10-21,Valencia
U88781,Amanda,Berrocal,berrocal28@gmail.com,+34 920 88 55 49,2020-04-20,Sevilla
U17587,Amanda,Clavero,clavero822@yahoo.com,+34 925 84 39 26,2022-08-07,Madrid
U55542,Nacho,Manjón,manjón551@hotmail.com,+34887 848 066,2024-05-29,Barcelona
U54005,Salomé,Cerezo,cerezo433@aol.com,+34 844272602,2023-05-11,Sevilla
U35735,Lope,Oliveras,oliveras961@aol.com,+34 822 591 038,2021-08-31,Sevilla
U70915,Antonia,Armas,armas454@outlook.com,+34978656485,2021-04-09,Sevilla
U82230,Renata,Peralta,peralta987@aol.com,+34920 79 22 94,2024-03-14,Zaragoza
U11431,Corona,Ferrán,ferrán859@outlook.com,+34949690849,2022-07-10,Sevilla
U64605,Marcos,Bilbao,bilbao653@yahoo.com,+34878049504,2023-04-03,Barcelona
U60268,Baltasar,Saldaña,saldaña287@yahoo.com,+34 973 822 357,2025-02-10,Valencia
U87575,Ovidio,Vargas,vargas864@gmail.com,+34 884 586 026,2020-11-25,Sevilla
U92794,Josep,Antón,antón994@hotmail.com,+34 871 18 04 76,2021-01-02,Madrid
U23654,Georgina,Lledó,lledó24@aol.com,+34 711162122,2021-11-17,Bilbao
U28763,Casandra,Cepeda,cepeda188@aol.com,+34941 799 682,2020-09-13,Málaga
U66690,Felicia,Rivera,rivera150@outlook.com,+34 677190060,2024-05-25,Madrid
U42871,Isa,Lastra,lastra935@aol.com,+34917593981,2021-11-08,Málaga
U81649,Ricardo,Atienza,atienza91@aol.com,+34803 402 875,2022-02-08,Zaragoza
U59592,Noé,Gimeno,gimeno860@aol.com,+34 985103586,2023-10-07,Barcelona
U58540,Severiano,Gonzalez,gonzalez534@aol.com,+34 878 808 972,2021-02-03,Málaga
U55012,Alcides,Ramis,ramis805@yahoo.com,+34873 997 611,2022-09-11,Sevilla
U27837,Anunciación,García,garcía943@gmail.com,+34877270661,2021-10-29,Barcelona
U33069,Elisabet,Goñi,goñi833@outlook.com,+34 981525769,2023-04-16,Valencia
U54483,Hernando,Vilanova,vilanova920@hotmail.com,+34 877 63 39 55,2024-09-25,Sevilla
U35044,Rita,Manjón,manjón649@outlook.com,+34977971016,2022-07-20,Bilbao
U48794,Samuel,Larrañaga,larrañaga187@gmail.com,+34 846067680,2024-06-04,Bilbao
U86068,Abilio,Pérez,pérez485@outlook.com,+34875 84 31 67,2021-02-28,Barcelona
U61353,Luís,Asenjo,asenjo572@yahoo.com,+34930 21 83 93,2022-03-20,Sevilla
U48757,Juan Antonio,Giner,giner262@yahoo.com,+34873291458,2024-04-04,Madrid
U66557,Porfirio,Calvo,calvo13@hotmail.com,+34 924 51 34 71,2021-07-25,Madrid
U71046,Clemente,Bárcena,bárcena620@hotmail.com,+34 944156437,2021-04-02,Madrid
U87738,Nilda,Bartolomé,bartolomé758@hotmail.com,+34925333386,2022-09-04,Zaragoza
U10611,Nilda,Sáenz,sáenz732@gmail.com,+34 874 14 01 86,2021-12-19,Valencia
U64579,María Carmen,Bermudez,bermudez933@outlook.com,+34 923 628 440,2020-08-11,Sevilla
U56604,Jose Ignacio,Saavedra,saavedra452@gmail.com,+34872 123 813,2022-11-02,Bilbao
U29964,Esther,Bautista,bautista118@yahoo.com,+34 844 573 396,2021-07-06,Valencia
U84382,Paola,Ricart,ricart471@gmail.com,+34 888 378 112,2022-10-06,Madrid
U45741,Teo,Plaza,plaza241@aol.com,+34846 65 58 37,2023-08-03,Sevilla
U57380,Alexandra,Lozano,lozano934@gmail.com,+34921 088 708,2024-01-03,Málaga
U31442,Loreto,Pagès,pagès231@outlook.com,+34 946018424,2023-10-30,Zaragoza
U17426,Elodia,Coello,coello394@yahoo.com,+34838 381 154,2022-02-01,Bilbao
U41206,Graciano,Riera,riera52@hotmail.com,+34912279325,2020-09-15,Zaragoza
U98730,Silvestre,Porta,porta906@yahoo.com,+34 941 017 212,2023-11-22,Madrid
U23792,Rómulo,Nuñez,nuñez787@aol.com,+34 881 07 71 48,2024-09-13,Valencia
U79547,Encarnacion,Bermudez,bermudez127@gmail.com,+34987 693 820,2021-01-10,Madrid
U42972,Obdulia,Seguí,seguí321@gmail.com,+34 941 258 814,2023-11-13,Madrid
U22238,María Dolores,Maestre,maestre799@gmail.com,+34 824 50 36 48,2022-10-19,Bilbao
U53884,Pepito,Prada,prada586@yahoo.com,+34 852 742 344,2022-04-19,Barcelona
U23198,Rogelio,Cuevas,cuevas621@yahoo.com,+34 974 422 854,2023-01-08,Zaragoza
U96804,Fortunata,Bertrán,bertrán258@gmail.com,+34827671572,2021-02-01,Sevilla
U55686,Estefanía,Seco,seco986@yahoo.com,+34 876 43 45 08,2020-05-19,Zaragoza
U44849,Agustín,Montalbán,montalbán141@aol.com,+34732574700,2023-12-08,Málaga
U71325,Nando,Vara,vara902@hotmail.com,+34 847 197 967,2021-09-04,Zaragoza
U81902,Calixta,Reguera,reguera547@hotmail.com,+34 971 566 894,2022-01-26,Bilbao
U39973,Hermenegildo,Cantero,cantero718@yahoo.com,+34 864274440,2020-05-07,Sevilla
U94395,Anabel,Pizarro,pizarro402@hotmail.com,+34948 978 810,2021-03-07,Madrid
U35767,Araceli,Gálvez,gálvez779@yahoo.com,+34871976303,2022-02-08,Zaragoza
U44462,Guadalupe,Álvarez,álvarez756@hotmail.com,+34 982 012 581,2022-11-21,Bilbao
U55895,Onofre,Pozuelo,pozuelo272@outlook.com,+34922 07 43 01,2024-04-15,Zaragoza
U22614,Víctor,Godoy,godoy520@hotmail.com,+34 886258576,2021-06-09,Barcelona
U87548,Juliana,Carreño,carreño946@aol.com,+34965446244,2020-03-07,Valencia
U33705,Toño,Madrid,madrid293@outlook.com,+34828889153,2022-05-13,Barcelona
U52803,Xiomara,Salmerón,salmerón944@aol.com,+34 942780538,2024-03-10,Valencia
U75489,Malena,Guillen,guillen37@hotmail.com,+34 821 22 80 74,2022-07-31,Barcelona
U58613,Blas,Rincón,rincón578@hotmail.com,+34 900694213,2021-11-27,Madrid
U51212,Luis Ángel,Agudo,agudo380@gmail.com,+34843598384,2022-04-08,Bilbao
U71420,Claudio,Alfonso,alfonso583@gmail.com,+34 874573816,2023-04-22,Valencia
U41036,Amparo,Carranza,carranza860@gmail.com,+34843023713,2024-12-02,Bilbao
U85537,Aitana,Urrutia,urrutia379@outlook.com,+34864 53 40 09,2020-07-17,Zaragoza
U57447,Rosendo,Gálvez,gálvez854@aol.com,+34879802465,2023-01-10,Sevilla
U21559,Soraya,Villalobos,villalobos222@gmail.com,+34983 44 16 62,2023-10-29,Zaragoza
U65868,Bernarda,Maza,maza683@outlook.com,+34882762203,2020-09-08,Barcelona
U28842,Dionisio,Casanova,casanova93@gmail.com,+34 806 059 091,2020-07-08,Barcelona
U74055,Perla,Montserrat,montserrat449@outlook.com,+34 984 884 025,2024-10-24,Valencia
U97174,Hugo,Vera,vera979@hotmail.com,+34803 315 544,2023-01-14,Sevilla
U72777,Graciana,Cañizares,cañizares977@yahoo.com,+34 978040817,2020-04-07,Barcelona
U38953,Socorro,Paz,paz755@yahoo.com,+34 955722875,2025-01-24,Madrid
U19467,José Luis,Juliá,juliá947@hotmail.com,+34 826 594 072,2022-09-19,Bilbao
U62268,Martina,Priego,priego706@yahoo.com,+34988 84 67 61,2024-01-29,Zaragoza
U75020,Yéssica,Tejada,tejada253@outlook.com,+34878 051 487,2024-05-15,Valencia
U45111,Cleto,Pacheco,pacheco189@outlook.com,+34920 117 396,2021-01-07,Barcelona
U22310,Noé,Hidalgo,hidalgo396@gmail.com,+34 921 28 81 86,2021-06-25,Madrid
U69272,Fito,Borja,borja691@hotmail.com,+34924320124,2021-12-25,Barcelona
U11479,Bartolomé,Vera,vera883@outlook.com,+34 987 49 18 81,2024-06-18,Barcelona
U72807,José María,Gimeno,gimeno604@outlook.com,+34803 02 51 47,2022-04-25,Sevilla
U59785,Victoriano,Vilanova,vilanova491@hotmail.com,+34824 02 86 09,2022-06-11,Bilbao
U39624,María Cristina,Porta,porta33@aol.com,+34 923 42 55 72,2024-05-14,Bilbao
U89992,Fidel,Vicens,vicens259@outlook.com,+34888 198 608,2021-10-07,Sevilla
U46680,Vanesa,Agustín,agustín492@hotmail.com,+34871067343,2022-09-05,Bilbao
U66956,Arsenio,Robledo,robledo899@outlook.com,+34878 28 09 61,2024-10-21,Madrid
U40373,Pepito,Gómez,gómez32@outlook.com,+34 887 435 672,2020-08-26,Madrid
U48700,Roque,Roldán,roldán340@yahoo.com,+34800 55 47 14,2022-10-21,Málaga
U81618,Concha,Machado,machado366@yahoo.com,+34 976 98 20 39,2024-06-26,Zaragoza
U92237,Dominga,Maza,maza396@aol.com,+34 986 89 09 26,2024-01-22,Málaga
U99935,Ricardo,Ángel,ángel78@hotmail.com,+34 807 95 30 70,2023-04-16,Sevilla
U12595,Cleto,Luz,luz348@yahoo.com,+34 845073200,2024-01-27,Madrid
U78447,Clotilde,Solana,solana801@outlook.com,+34 977 93 59 78,2021-12-30,Valencia
U47976,Rico,Valcárcel,valcárcel802@gmail.com,+34923 360 438,2025-02-28,Málaga
U23243,Francisca,Arce,arce178@aol.com,+34 845 92 45 46,2022-05-19,Sevilla
U44020,Ani,Ordóñez,ordóñez364@aol.com,+34 691 48 88 13,2024-11-18,Zaragoza
U82311,Perla,Lumbreras,lumbreras553@outlook.com,+34 941 255 921,2024-10-17,Sevilla
U99018,Alonso,Peñalver,peñalver475@aol.com,+34847 90 20 95,2023-07-16,Sevilla
U31120,Ciríaco,Toro,toro120@yahoo.com,+34924 64 30 51,2021-10-20,Madrid
U93378,Baltasar,Cazorla,cazorla653@outlook.com,+34883 67 89 59,2021-04-15,Barcelona
U94948,Leonardo,Castro,castro48@hotmail.com,+34979 996 167,2024-05-09,Barcelona
U92466,Ágata,Revilla,revilla956@gmail.com,+34 900450144,2022-02-04,Zaragoza
U17046,Leandra,Echeverría,echeverría497@hotmail.com,+34979 814 928,2022-07-02,Sevilla
U85780,Odalis,Peña,peña689@gmail.com,+34 927 65 87 97,2022-05-16,Barcelona
U40398,Bernarda,Cid,cid366@gmail.com,+34 653826349,2021-11-24,Barcelona
U86427,Ema,Romeu,romeu641@yahoo.com,+34 943 202 499,2020-05-19,Sevilla
U81644,Francisco,Martorell,martorell383@yahoo.com,+34 985 54 99 34,2020-05-21,Málaga
U10355,Antonia,Alfonso,alfonso992@yahoo.com,+34 807 71 00 51,2020-07-15,Zaragoza
U17041,Herminia,Pomares,pomares483@yahoo.com,+34821849000,2022-05-03,Málaga
U87700,Espiridión,Marí,marí776@aol.com,+34 803 774 661,2023-06-27,Sevilla
U99613,Lino,Cisneros,cisneros754@yahoo.com,+34 736372205,2022-01-30,Valencia
U98526,Ana Belén,Arnal,arnal227@hotmail.com,+34948 469 564,2022-08-20,Zaragoza
U29157,Calisto,Marqués,marqués788@hotmail.com,+34 943466561,2022-11-05,Málaga
U77415,Blanca,Mendoza,mendoza367@aol.com,+34 922 07 56 43,2024-06-21,Barcelona
U98760,Luisina,Salamanca,salamanca806@hotmail.com,+34 901 34 97 29,2020-07-30,Madrid
U27054,Eli,Gomez,gomez186@hotmail.com,+34982186988,2024-10-17,Valencia
U63550,Aroa,Anglada,anglada784@yahoo.com,+34948 31 38 07,2022-05-04,Valencia
U97068,Vinicio,Doménech,doménech338@outlook.com,+34 806 74 46 65,2021-01-20,Madrid
U77409,Tristán,Grau,grau824@yahoo.com,+34727506813,2020-08-13,Barcelona
U30903,Reyes,Uría,uría12@aol.com,+34880 500 634,2021-08-22,Madrid
U50569,Manuel,Álvaro,álvaro886@aol.com,+34943 665 730,2021-06-20,Bilbao
U35414,Ileana,Salamanca,salamanca863@hotmail.com,+34 927 01 64 08,2023-08-04,Málaga
U71034,Chus,Carmona,carmona40@aol.com,+34 901383888,2024-07-29,Zaragoza
U78005,Ale,Buendía,buendía659@gmail.com,+34 914298705,2020-08-29,Valencia
U99346,Macarena,Priego,priego298@hotmail.com,+34800 71 80 90,2020-06-07,Valencia
U95518,Selena,Galindo,galindo992@outlook.com,+34888 146 440,2024-01-22,Zaragoza
U29176,Encarnita,Marin,marin640@aol.com,+34941 807 406,2023-07-26,Bilbao
U24773,Tristán,Romeu,romeu200@gmail.com,+34877 78 59 49,2023-07-21,Málaga
U16897,Visitación,Trujillo,trujillo100@hotmail.com,+34 863207073,2021-12-09,Sevilla
U45859,Simón,Sotelo,sotelo329@hotmail.com,+34848 664 057,2020-12-18,Madrid
U19916,Wálter,Montenegro,montenegro117@gmail.com,+34820 207 777,2022-12-28,Bilbao
U77673,Juan Bautista,Bolaños,bolaños498@yahoo.com,+34838 856 624,2020-08-04,Sevilla
U98668,Pastor,Comas,comas27@yahoo.com,+34973 42 88 70,2024-02-25,Barcelona
U83223,Juliana,Beltran,beltran552@aol.com,+34 978304252,2023-12-31,Sevilla
U52478,Elisa,Carbonell,carbonell55@outlook.com,+34827 20 00 31,2021-11-23,Málaga
U95412,Leandro,Cañas,cañas42@hotmail.com,+34 849416617,2021-01-24,Madrid
U57326,Rocío,Santana,santana838@yahoo.com,+34 928 86 89 84,2020-12-04,Madrid
U61570,César,Oliver,oliver455@aol.com,+34 881661060,2021-10-07,Valencia
U87948,Felisa,Valencia,valencia795@gmail.com,+34806 743 544,2025-02-15,Zaragoza
U12321,Priscila,Olivera,olivera677@yahoo.com,+34924 13 54 31,2022-07-27,Barcelona
U72956,Arsenio,Benavente,benavente167@yahoo.com,+34974 941 183,2021-02-20,Sevilla
U42981,Eulalia,Martorell,martorell288@hotmail.com,+34828632954,2022-12-29,Sevilla
U35499,Eduardo,Almeida,almeida753@aol.com,+34 848285704,2024-11-29,Barcelona
U78195,Eligia,Solana,solana862@yahoo.com,+34 832 213 356,2023-09-05,Madrid
U61651,Camilo,Cámara,cámara275@hotmail.com,+34888 647 126,2024-10-28,Bilbao
U50887,Perlita,Marquez,marquez127@yahoo.com,+34 825 228 643,2023-07-05,Barcelona
U40622,Gaspar,Planas,planas271@gmail.com,+34718 16 72 49,2022-04-20,Bilbao
U18484,José Mari,Santamaría,santamaría633@aol.com,+34924979468,2024-12-23,Málaga
U16474,Delfina,Palomar,palomar371@outlook.com,+34 822678878,2021-01-17,Sevilla
U81809,Osvaldo,Sandoval,sandoval982@gmail.com,+34 868 702 152,2022-12-24,Madrid
U66485,Eduardo,Villalobos,villalobos310@hotmail.com,+34729 917 556,2024-12-27,Bilbao
U73641,Donato,Pera,pera57@gmail.com,+34723 004 888,2025-02-26,Barcelona
U72900,Rebeca,Arnal,arnal345@gmail.com,+34 984 324 983,2021-01-03,Madrid
U86289,Odalis,Bilbao,bilbao94@yahoo.com,+34882 571 866,2023-04-07,Zaragoza
U79669,Zaida,Jimenez,jimenez260@aol.com,+34941105633,2023-07-07,Sevilla
U94325,Sergio,Martínez,martínez194@aol.com,+34 848 098 801,2024-07-30,Málaga
U81292,Mario,Mínguez,mínguez65@aol.com,+34 978 710 128,2022-02-26,Málaga
U19843,Saturnino,Simó,simó657@aol.com,+34 806811199,2023-03-01,Barcelona
U70884,Teodosio,Pereira,pereira843@aol.com,+34 726533923,2022-07-18,Valencia
U52828,Paca,Marí,marí307@yahoo.com,+34820484338,2022-06-18,Barcelona
U72434,Celia,Gilabert,gilabert466@yahoo.com,+34 887 644 173,2022-03-20,Zaragoza
U52134,Eusebio,Yáñez,yáñez113@yahoo.com,+34 847 868 140,2021-03-12,Valencia
U85976,Ágata,Gaya,gaya40@yahoo.com,+34 947546192,2023-11-22,Barcelona
U77769,Florina,Posada,posada858@hotmail.com,+34885 408 859,2020-08-21,Madrid
U19316,José,Barrios,barrios473@yahoo.com,+34 946891971,2023-10-29,Madrid
U47064,Jose Luis,Carbonell,carbonell629@outlook.com,+34 949424630,2023-12-03,Barcelona
U43079,Basilio,Cáceres,cáceres372@outlook.com,+34 926 587 372,2020-06-25,Málaga
U24799,Florentina,Mayoral,mayoral428@yahoo.com,+34846473401,2022-03-06,Zaragoza
U83474,Nico,Escudero,escudero673@gmail.com,+34985 318 794,2022-05-29,Madrid
U75779,Bernardita,Campoy,campoy434@aol.com,+34828 86 00 50,2021-08-17,Madrid
U46572,Cesar,Barrio,barrio641@aol.com,+34613 80 24 83,2021-04-30,Barcelona
U72784,Amelia,Gonzalez,gonzalez244@aol.com,+34 901 72 40 62,2020-08-30,Valencia
U35597,Jimena,Alvarez,alvarez847@aol.com,+34946 411 128,2024-03-09,Sevilla
U74943,Emelina,Cal,cal227@outlook.com,+34872 836 067,2021-04-12,Sevilla
U70180,Seve,Corominas,corominas747@aol.com,+34982 44 78 87,2024-10-09,Bilbao
U43514,Rafa,Feliu,feliu802@outlook.com,+34884 352 461,2022-11-30,Zaragoza
U23272,Corona,Sainz,sainz866@gmail.com,+34 978367276,2020-06-10,Madrid
U78537,Lázaro,Roda,roda504@yahoo.com,+34972 854 235,2023-06-10,Málaga
U72193,Francisco,Sanmiguel,sanmiguel438@outlook.com,+34875 946 928,2023-08-25,Málaga
U79482,Cesar,Solís,solís787@yahoo.com,+34 947 57 82 37,2021-05-05,Sevilla
U14300,Rodolfo,Gallo,gallo30@aol.com,+34 886 832 026,2022-11-18,Málaga
U91453,Fabiana,Salvador,salvador750@outlook.com,+34 977 54 99 56,2022-05-07,Madrid
U33610,René,Narváez,narváez681@hotmail.com,+34 849 70 69 77,2025-01-26,Valencia
U20493,Aura,Murillo,murillo715@hotmail.com,+34 803 21 66 38,2021-12-24,Zaragoza
U17873,Telmo,Montenegro,montenegro847@aol.com,+34 730833692,2020-11-08,Bilbao
U88642,Aristides,Figueroa,figueroa799@aol.com,+34 924762952,2023-02-10,Sevilla
U14513,Sabas,Solera,solera846@aol.com,+34 977 102 328,2020-10-14,Sevilla
U50847,Rebeca,Báez,báez19@outlook.com,+34 849 017 812,2023-09-06,Sevilla
U54191,Sergio,Ruano,ruano925@hotmail.com,+34 848989633,2021-10-24,Bilbao
U91467,Jordi,Mir,mir448@outlook.com,+34 738187884,2021-06-17,Bilbao
U54293,Ágata,Burgos,burgos343@yahoo.com,+34957 775 244,2024-07-30,Sevilla
U16525,Áurea,Pera,pera564@outlook.com,+34 982 00 59 53,2025-01-29,Barcelona
U80745,Magdalena,Acero,acero415@hotmail.com,+34885867985,2025-01-27,Madrid
U36419,Agapito,Gisbert,gisbert321@aol.com,+34841 81 27 63,2021-11-04,Zaragoza
U17325,Laura,Aller,aller270@outlook.com,+34981 93 11 22,2021-09-12,Bilbao
U98464,Baldomero,Ferrando,ferrando325@yahoo.com,+34 842 342 645,2023-06-28,Madrid
U50839,Jorge,Zabala,zabala765@yahoo.com,+34 842 257 670,2023-04-18,Barcelona
U85921,Leonardo,Agudo,agudo542@outlook.com,+34872315178,2024-12-09,Sevilla
U85907,Lorenzo,Palau,palau776@gmail.com,+34 877225856,2023-06-19,Madrid
U32938,Bernardino,Bilbao,bilbao855@outlook.com,+34827123941,2024-01-25,Bilbao
U10661,Ángel,Godoy,godoy104@outlook.com,+34946 486 250,2023-11-15,Sevilla
U63755,Leoncio,Bas,bas382@aol.com,+34 922 010 668,2022-12-13,Málaga
U47904,Dora,Becerra,becerra896@outlook.com,+34 976 094 069,2022-12-13,Barcelona
U91446,Apolinar,Rubio,rubio154@hotmail.com,+34847 157 562,2021-07-10,Bilbao
U88248,Anastasia,Vendrell,vendrell903@outlook.com,+34716 236 608,2024-01-18,Valencia
U71846,Dalila,Lamas,lamas818@hotmail.com,+34 843 387 536,2021-05-11,Málaga
U80224,Arcelia,Coello,coello82@hotmail.com,+34871766072,2022-08-22,Barcelona
U16874,Luisa,Samper,samper237@outlook.com,+34 828 14 62 38,2020-04-14,Madrid
U73387,Jose Ignacio,Vila,vila591@gmail.com,+34873 89 18 95,2022-10-29,Barcelona
U90592,Isaac,Redondo,redondo39@gmail.com,+34927001231,2020-06-25,Málaga
U45584,Isidora,Zabaleta,zabaleta615@gmail.com,+34824 443 538,2022-01-07,Sevilla
U51073,Leocadia,Perera,perera858@hotmail.com,+34 925 646 094,2024-11-08,Madrid
U56012,Rodolfo,Baró,baró504@yahoo.com,+34886 253 632,2023-09-15,Sevilla
U10827,Estrella,Ríos,ríos806@yahoo.com,+34 975 154 583,2022-08-19,Zaragoza
U25876,Estefanía,Vaquero,vaquero515@aol.com,+34982031516,2024-12-12,Valencia
U85452,Dan,Vicente,vicente514@gmail.com,+34987 72 81 82,2021-01-12,Madrid
U99102,Macario,Pedrosa,pedrosa294@hotmail.com,+34825060887,2023-03-01,Valencia
U44957,Vicente,Franco,franco203@outlook.com,+34871856661,2022-08-22,Barcelona
U52073,Pascual,Lobo,lobo132@hotmail.com,+34 949 877 140,2022-02-18,Bilbao
U23911,Rufina,Santiago,santiago246@aol.com,+34 900 13 53 68,2022-04-19,Barcelona
U23050,Gabriela,Portillo,portillo827@gmail.com,+34827884005,2022-08-08,Sevilla
U34264,Ciríaco,Jiménez,jiménez249@outlook.com,+34 922 71 92 80,2020-10-26,Bilbao
U82572,Edelmira,Llobet,llobet481@outlook.com,+34 988 67 31 64,2022-04-14,Málaga
U58921,María Pilar,Borrego,borrego494@gmail.com,+34924 294 970,2024-08-26,Madrid
U70381,Julio César,Ferrer,ferrer295@gmail.com,+34 922 036 258,2022-06-02,Barcelona
U65748,Florencio,Álvaro,álvaro670@yahoo.com,+34 822854076,2023-09-11,Sevilla
U10823,Dulce,Olivares,olivares766@hotmail.com,+34 951 089 103,2022-09-01,Valencia
U78781,Rogelio,Casal,casal651@yahoo.com,+34 981 544 598,2021-02-26,Málaga
U33697,Manuela,Ramis,ramis32@hotmail.com,+34881026867,2022-04-22,Valencia
U18502,Bienvenida,Reguera,reguera874@yahoo.com,+34985 43 67 70,2025-02-17,Zaragoza
U68630,Rufino,Gallo,gallo628@yahoo.com,+34 985707794,2024-05-03,Madrid
U77258,Leandro,Pou,pou377@outlook.com,+34983 69 16 18,2023-11-22,Barcelona
U13055,María,Ordóñez,ordóñez144@outlook.com,+34885 920 106,2022-12-14,Sevilla
U22514,Óscar,Romero,romero635@aol.com,+34848 186 930,2023-05-11,Barcelona
U18721,Camilo,Miralles,miralles892@outlook.com,+34973947457,2025-01-30,Barcelona
U30643,Nieves,Calzada,calzada506@gmail.com,+34958 625 405,2023-11-05,Valencia
U64386,Violeta,Aguado,aguado326@gmail.com,+34 736 850 343,2022-10-06,Valencia
U72643,Marisa,Macias,macias188@aol.com,+34 879 76 29 22,2020-12-31,Bilbao
U97288,Octavia,Atienza,atienza123@gmail.com,+34987 612 302,2020-07-31,Sevilla
U61775,Xavier,Cortes,cortes336@outlook.com,+34971 59 04 88,2020-09-26,Bilbao
U17208,Sol,Anguita,anguita573@yahoo.com,+34925139765,2022-11-13,Valencia
U31120,Yago,Mármol,mármol255@outlook.com,+34836101574,2022-09-23,Bilbao
U29585,Pancho,Tamayo,tamayo991@yahoo.com,+34 874850951,2020-05-26,Barcelona
U92407,Néstor,Camacho,camacho224@hotmail.com,+34 847 742 780,2020-05-29,Bilbao
U33599,Luis Miguel,Barco,barco755@outlook.com,+34 988 36 99 73,2020-07-22,Valencia
U63737,Ricardo,Barrios,barrios268@outlook.com,+34927838188,2020-08-22,Málaga
U34510,Nadia,Hernando,hernando279@yahoo.com,+34973 07 07 45,2023-11-28,Valencia
U48340,Leandra,Garcés,garcés266@aol.com,+34724 10 73 99,2021-04-24,Bilbao
U55359,Gregorio,Amores,amores316@gmail.com,+34 800 351 797,2022-02-27,Zaragoza
U30378,Edelmiro,Sierra,sierra89@hotmail.com,+34 987 82 11 52,2024-10-09,Málaga
U14739,José Luis,Guillen,guillen544@gmail.com,+34947218203,2021-03-20,Málaga
U90092,Florina,Valero,valero817@hotmail.com,+34 848 828 042,2022-04-10,Zaragoza
U30726,Juana,Jáuregui,jáuregui513@aol.com,+34902350963,2020-06-03,Bilbao
U95203,Juanito,Polo,polo908@outlook.com,+34 924373645,2023-06-05,Málaga
U13351,Sandra,Taboada,taboada253@aol.com,+34947 37 73 30,2022-09-24,Zaragoza
U71067,Cosme,Pérez,pérez275@aol.com,+34 975 268 307,2020-03-09,Bilbao
U88822,Roldán,Pi,pi626@gmail.com,+34974641116,2022-05-17,Sevilla
U55504,Tristán,Piñol,piñol966@yahoo.com,+34 946 744 472,2024-11-22,Zaragoza
U84983,Ismael,Barón,barón431@gmail.com,+34 917 27 90 14,2024-03-01,Bilbao
U92980,Santos,Huertas,huertas731@yahoo.com,+34 944144473,2022-03-23,Barcelona
U20199,Violeta,Campillo,campillo680@yahoo.com,+34806854002,2020-06-13,Bilbao
U42270,Sancho,Taboada,taboada800@hotmail.com,+34 944845000,2020-07-04,Barcelona
U67167,Jacinta,Baeza,baeza121@gmail.com,+34 975552723,2024-09-04,Sevilla
U16179,Angelino,Trujillo,trujillo913@yahoo.com,+34 984841278,2022-12-21,Zaragoza
U55341,Gonzalo,Ávila,ávila691@hotmail.com,+34925 181 519,2022-11-18,Barcelona
U14622,Marc,Iriarte,iriarte231@yahoo.com,+34848 37 18 51,2021-03-25,Zaragoza
U82773,Elpidio,Bayón,bayón206@yahoo.com,+34987 364 862,2024-05-02,Madrid
U33817,Teresa,Nicolau,nicolau930@aol.com,+34824 452 378,2023-10-19,Madrid
U79294,Olimpia,Hurtado,hurtado508@hotmail.com,+34924 58 15 50,2023-11-10,Málaga
U25717,Roberto,Oliveras,oliveras204@hotmail.com,+34 841 835 505,2022-05-03,Sevilla
U45204,Pánfilo,Lobo,lobo551@outlook.com,+34 702049393,2023-09-01,Valencia
U96679,Gilberto,Pedraza,pedraza221@gmail.com,+34741119759,2022-01-14,Málaga
U90326,Nacho,Tenorio,tenorio700@yahoo.com,+34 721 01 25 69,2022-07-12,Bilbao
U77085,Carina,Gómez,gómez844@hotmail.com,+34 846 89 53 10,2021-10-27,Bilbao
U19894,Aurora,Pombo,pombo729@gmail.com,+34926448660,2024-09-26,Madrid
U66845,Cleto,Segovia,segovia115@gmail.com,+34845731193,2024-12-11,Valencia
U65064,Macario,Ojeda,ojeda24@outlook.com,+34 882 709 236,2021-07-14,Barcelona
U34911,Emperatriz,Escrivá,escrivá366@hotmail.com,+34 825 961 384,2021-01-03,Barcelona
U25156,Severino,Benítez,benítez288@aol.com,+34884163669,2022-07-12,Sevilla
U43056,Jerónimo,Zamora,zamora741@aol.com,+34987 169 497,2021-03-30,Bilbao
U44258,María,Medina,medina341@hotmail.com,+34 901 31 58 47,2021-09-04,Sevilla
U78329,Lisandro,Carrillo,carrillo388@aol.com,+34709863353,2023-03-29,Zaragoza
U41688,Amaya,Pina,pina964@outlook.com,+34827 508 021,2024-07-08,Zaragoza
U56929,Eustaquio,Fiol,fiol354@yahoo.com,+34 831415238,2020-06-04,Zaragoza
U50320,Moisés,Villa,villa366@gmail.com,+34 920 865 763,2023-06-22,Valencia
U84588,Natalio,Herrera,herrera39@yahoo.com,+34977 304 080,2021-05-19,Bilbao
U94535,Gerardo,Pacheco,pacheco462@aol.com,+34 923 570 091,2025-02-12,Bilbao
U47793,Celestino,Expósito,expósito101@outlook.com,+34925 223 195,2023-06-09,Málaga
U55418,Encarnita,Ariño,ariño607@outlook.com,+34823326715,2022-06-20,Bilbao
U14679,Geraldo,Riera,riera428@hotmail.com,+34 987 147 048,2023-02-04,Zaragoza
U74426,Etelvina,Andrade,andrade779@yahoo.com,+34806 78 37 50,2022-07-14,Bilbao
U54759,José Antonio,Tomé,tomé971@outlook.com,+34 981 744 231,2021-12-14,Valencia
U74884,Bienvenida,Villa,villa735@aol.com,+34945 541 917,2021-08-30,Madrid
U78928,Vito,Vizcaíno,vizcaíno953@gmail.com,+34 822 693 568,2023-06-25,Madrid
U33837,Juan Manuel,Soto,soto238@outlook.com,+34 949 65 79 96,2020-03-18,Valencia
U94028,Consuelo,Quintana,quintana582@hotmail.com,+34887091315,2024-01-11,Barcelona
U87117,Renata,Bertrán,bertrán874@yahoo.com,+34 946 507 947,2021-02-16,Zaragoza
U82801,Ale,Barrena,barrena249@aol.com,+34 900 79 98 50,2020-04-21,Málaga
U69454,Luis Ángel,Larrea,larrea196@hotmail.com,+34 924 472 984,2024-11-18,Málaga
U88280,Natalia,Lerma,lerma405@outlook.com,+34946 075 880,2022-04-06,Málaga
U52542,Roxana,Sanmiguel,sanmiguel799@aol.com,+34 826 81 23 00,2023-03-27,Sevilla
U19176,Rocío,Benavent,benavent905@outlook.com,+34 843 067 008,2022-06-15,Bilbao
U18901,Cruz,Querol,querol217@gmail.com,+34943461551,2020-11-01,Málaga
U55365,Imelda,Vendrell,vendrell808@aol.com,+34 978 77 22 21,2022-11-23,Málaga
U22913,Luciano,Rozas,rozas427@yahoo.com,+34 945 477 891,2023-04-19,Zaragoza
U78512,Esteban,Salvador,salvador558@yahoo.com,+34 871 33 61 13,2020-03-11,Sevilla
U40138,Lucas,Ortiz,ortiz152@yahoo.com,+34902 303 970,2023-05-12,Madrid
U10627,Yago,Perea,perea108@gmail.com,+34887530316,2024-10-16,Sevilla
U24180,Edgardo,Batalla,batalla392@outlook.com,+34 689 874 343,2023-09-21,Bilbao
U19708,Josué,Saura,saura377@yahoo.com,+34 902 235 973,2021-12-19,Valencia
U81553,Otilia,Prieto,prieto411@gmail.com,+34 944 399 327,2023-03-21,Valencia
U81778,Cipriano,Andrés,andrés564@outlook.com,+34735 76 24 09,2022-08-27,Málaga
U57069,Úrsula,Gómez,gómez797@gmail.com,+34971 785 588,2021-03-11,Sevilla
U91664,Irma,Garcés,garcés796@aol.com,+34 822 60 96 73,2023-10-17,Zaragoza
U59497,Jordán,Abella,abella259@gmail.com,+34878 087 590,2022-10-30,Bilbao
U64245,Jorge,Arenas,arenas892@hotmail.com,+34807 138 002,2020-08-08,Barcelona
U54941,Concha,Cortina,cortina90@gmail.com,+34 871 48 46 24,2021-09-23,Madrid
U93062,Mireia,Cabezas,cabezas198@hotmail.com,+34 925539049,2024-04-22,Bilbao
U82541,Manuel,Barberá,barberá232@yahoo.com,+34926 888 882,2024-12-15,Bilbao
U80081,Melania,Riba,riba861@aol.com,+34 827 98 13 61,2023-03-10,Barcelona
U77911,Guiomar,Cañellas,cañellas944@yahoo.com,+34978 409 754,2022-09-18,Zaragoza
U95003,Román,Almeida,almeida353@aol.com,+34 844 22 05 22,2024-09-13,Málaga
U30560,Lucho,Jáuregui,jáuregui965@aol.com,+34 806675580,2024-04-18,Madrid
U40084,Inmaculada,Ávila,ávila341@aol.com,+34988369058,2024-12-03,Madrid
U78920,Valentina,Fernandez,fernandez153@aol.com,+34 943 085 396,2021-02-03,Barcelona
U16068,Fátima,Llabrés,llabrés11@hotmail.com,+34937 78 53 66,2021-01-30,Madrid
U58037,María Manuela,Fuentes,fuentes316@hotmail.com,+34984 869 480,2020-06-26,Bilbao
U10043,Juanita,Quirós,quirós171@yahoo.com,+34 867 750 331,2020-03-26,Málaga
U54607,Florentina,Barreda,barreda920@aol.com,+34 980 72 57 13,2021-05-26,Málaga
U71255,Nico,Beltrán,beltrán325@outlook.com,+34 926846709,2022-07-26,Barcelona
U32290,Gerardo,Gallo,gallo301@outlook.com,+34871 627 992,2021-10-15,Zaragoza
U38117,Jesusa,Sanmartín,sanmartín485@yahoo.com,+34 878 042 530,2023-09-17,Zaragoza
U44797,Ildefonso,Higueras,higueras286@hotmail.com,+34 985 630 146,2024-12-08,Sevilla
U30844,Joan,Exposito,exposito997@outlook.com,+34976 40 64 42,2021-09-19,Madrid
U51636,Lucho,Pérez,pérez313@gmail.com,+34979130942,2023-12-15,Bilbao
U11481,Crescencia,Aragonés,aragonés435@aol.com,+34 977 97 03 44,2024-06-02,Málaga
U75749,Maristela,Moll,moll937@gmail.com,+34973 905 098,2024-06-18,Zaragoza
U99129,Leocadio,Chacón,chacón916@hotmail.com,+34836 28 61 01,2023-06-08,Madrid
U21701,Belen,Cámara,cámara184@aol.com,+34887 832 057,2023-10-25,Madrid
U62023,Severiano,Ródenas,ródenas518@yahoo.com,+34825 50 26 26,2023-09-29,Zaragoza
U64042,Vicenta,Páez,páez810@outlook.com,+34982134221,2021-11-30,Barcelona
U77382,Dani,Chico,chico798@gmail.com,+34984 37 47 91,2020-10-08,Barcelona
U45561,Petrona,Baños,baños82@gmail.com,+34879 35 47 68,2023-05-15,Sevilla
U32600,Gabriel,Guzman,guzman842@gmail.com,+34918 617 298,2022-02-26,Valencia
U17836,Ovidio,Giralt,giralt494@yahoo.com,+34920514888,2023-04-28,Málaga
U93373,Luciana,Mulet,mulet260@yahoo.com,+34 875 86 84 11,2023-08-27,Bilbao
U68016,Fermín,Noriega,noriega812@aol.com,+34859 834 161,2023-08-13,Madrid
U42730,Georgina,Navarrete,navarrete480@aol.com,+34 983 43 53 63,2022-03-21,Sevilla
U30588,Cándido,Zorrilla,zorrilla441@gmail.com,+34 817057270,2023-12-15,Málaga
U37813,Ambrosio,Arana,arana609@gmail.com,+34 941 329 714,2022-04-01,Málaga
U69875,Apolonia,Perea,perea913@yahoo.com,+34975 54 60 16,2022-01-29,Valencia
U64884,Anselma,Torrijos,torrijos535@gmail.com,+34887 47 52 00,2025-02-21,Málaga
U61907,Mar,Cabanillas,cabanillas735@hotmail.com,+34872 954 352,2021-12-31,Bilbao
U85831,Rosalva,Estrada,estrada383@outlook.com,+34 875 147 898,2023-10-01,Bilbao
U77615,Jafet,Barriga,barriga48@gmail.com,+34981 81 93 23,2020-06-08,Zaragoza
U41828,Adela,Aroca,aroca788@aol.com,+34988 946 947,2023-06-03,Zaragoza
U45153,Tadeo,Leon,leon280@gmail.com,+34945972090,2020-04-09,Barcelona
U92952,Laura,Guzmán,guzmán900@aol.com,+34 974 527 816,2020-07-30,Sevilla
U10840,Baldomero,Salgado,salgado414@outlook.com,+34 972016307,2020-10-16,Zaragoza
U50082,Ramona,Guzmán,guzmán191@aol.com,+34972 40 24 11,2021-08-15,Bilbao
U94782,Gisela,Baños,baños974@hotmail.com,+34 933251674,2022-07-09,Bilbao
U85868,Flor,Castell,castell84@aol.com,+34974 92 30 01,2024-06-12,Bilbao
U42436,Severino,Sevilla,sevilla335@aol.com,+34872 48 36 02,2023-02-20,Zaragoza
U37305,Curro,Asenjo,asenjo661@hotmail.com,+34848 853 606,2023-08-27,Barcelona
U26271,Micaela,Lloret,lloret586@yahoo.com,+34 980 67 53 33,2021-06-24,Sevilla
U93911,Felipe,Carnero,carnero9@yahoo.com,+34 733659518,2021-05-22,Valencia
U89368,Luis Ángel,Villa,villa142@hotmail.com,+34 973003749,2022-12-23,Málaga
U39862,Humberto,Lastra,lastra448@outlook.com,+34 943 76 67 31,2022-01-08,Zaragoza
U87346,Adelardo,Mercader,mercader542@yahoo.com,+34 823 84 27 17,2021-12-08,Bilbao
U93932,Rosario,Carreras,carreras920@hotmail.com,+34964 94 42 58,2022-02-02,Madrid
U42433,Viviana,Aragón,aragón122@hotmail.com,+34 927 91 51 28,2023-04-23,Valencia
U89258,Soledad,Fuente,fuente71@aol.com,+34843 92 23 67,2021-11-13,Barcelona
U57701,Matilde,Girona,girona199@outlook.com,+34 920297394,2024-09-05,Madrid
U73155,Román,Aznar,aznar399@gmail.com,+34843 23 16 94,2022-01-09,Valencia
U31268,Albert,Juárez,juárez538@outlook.com,+34901635066,2022-11-03,Madrid
U41422,Jenaro,Aragón,aragón611@yahoo.com,+34 877176748,2023-03-05,Sevilla
U83510,Belen,Arana,arana110@gmail.com,+34944292409,2021-06-29,Sevilla
U64932,Eulalia,Figueroa,figueroa60@outlook.com,+34948971288,2024-02-08,Barcelona
U67609,Lorena,Ramírez,ramírez961@outlook.com,+34900772882,2021-02-12,Barcelona
U61899,Magdalena,Quevedo,quevedo824@yahoo.com,+34942 34 52 02,2024-05-19,Sevilla
U47893,Édgar,Delgado,delgado448@aol.com,+34 846710520,2022-03-25,Málaga
U46911,Leoncio,Roca,roca881@hotmail.com,+34 981 58 48 66,2022-06-01,Bilbao
U28143,Filomena,Hernández,hernández811@aol.com,+34946 330 999,2021-06-27,Sevilla
U99380,Héctor,Gonzalo,gonzalo300@gmail.com,+34980 09 24 46,2024-04-11,Sevilla
U17955,Paola,Vazquez,vazquez114@outlook.com,+34 849 310 830,2020-03-27,Barcelona
U24559,Bernarda,Milla,milla499@hotmail.com,+34847639998,2020-07-02,Málaga
U95870,Abraham,Cardona,cardona939@outlook.com,+34944 322 149,2024-01-23,Bilbao
U67732,Carmina,Taboada,taboada908@outlook.com,+34820 07 39 75,2022-10-14,Málaga
U80728,Tamara,Cuadrado,cuadrado183@aol.com,+34946 431 021,2020-08-07,Barcelona
U14016,Roque,Salvà,salvà244@aol.com,+34 914425719,2024-07-28,Zaragoza
U71547,Miguel,Frutos,frutos291@hotmail.com,+34 842 99 36 05,2025-01-19,Valencia
U76051,Ariel,Castrillo,castrillo783@aol.com,+34 703 88 10 56,2021-07-03,Bilbao
U60817,Urbano,Tur,tur254@aol.com,+34 879264939,2021-03-27,Barcelona
U83326,Loida,Estévez,estévez781@outlook.com,+34 849100278,2024-07-03,Sevilla
U61980,Luis Miguel,Gimeno,gimeno113@aol.com,+34988958553,2022-10-15,Sevilla
U79554,Viviana,Bustamante,bustamante122@hotmail.com,+34917 38 43 72,2022-02-18,Málaga
U98993,Ildefonso,Ortiz,ortiz256@gmail.com,+34 983 14 86 83,2023-02-07,Sevilla
U35055,Pía,Rodrigo,rodrigo650@yahoo.com,+34821 28 95 34,2024-02-04,Málaga
U32725,Nazaret,Trillo,trillo574@hotmail.com,+34 947 034 047,2024-12-17,Zaragoza
U33857,Esmeralda,Duran,duran106@hotmail.com,+34871 961 896,2022-06-07,Málaga
U11360,Jordana,Goicoechea,goicoechea8@hotmail.com,+34987 768 219,2021-05-09,Zaragoza
U60137,Diana,Olivé,olivé176@yahoo.com,+34881817779,2024-06-08,Málaga
U29007,Crescencia,Villegas,villegas246@gmail.com,+34868883254,2023-09-03,Madrid
U24816,María Teresa,Muro,muro973@yahoo.com,+34944785798,2024-10-20,Madrid
U78158,Pelayo,Valero,valero729@outlook.com,+34 821 75 67 51,2023-11-10,Málaga
U79449,Conrado,Bermejo,bermejo74@aol.com,+34 887 307 714,2023-08-11,Bilbao
U45468,Soraya,Jimenez,jimenez655@yahoo.com,+34 825 825 009,2025-02-21,Valencia
U71853,Gabriel,Zabala,zabala496@gmail.com,+34939 90 62 33,2023-01-23,Barcelona
U50804,Alfonso,Rincón,rincón626@gmail.com,+34948 81 35 46,2021-06-23,Barcelona
U43549,Anastasia,Parejo,parejo763@outlook.com,+34 844 651 456,2021-05-05,Bilbao
U34450,Gerónimo,Iglesias,iglesias266@outlook.com,+34 885 47 94 86,2024-10-18,Madrid
U26473,Margarita,Valls,valls993@gmail.com,+34977 67 35 88,2021-03-01,Valencia
U71754,Pacífica,Salgado,salgado913@hotmail.com,+34 961160417,2021-06-01,Bilbao
U31078,Hilario,Niño,niño457@outlook.com,+34 878 741 162,2020-11-21,Zaragoza
U44443,Eusebia,Fonseca,fonseca165@aol.com,+34926 16 76 16,2021-11-19,Sevilla
U73010,María Del Carmen,Salamanca,salamanca572@yahoo.com,+34976 622 461,2022-11-19,Málaga
U37098,Laura,Revilla,revilla552@gmail.com,+34944 786 203,2021-03-19,Sevilla
U47275,Roque,Menéndez,menéndez6@outlook.com,+34 979447220,2022-08-13,Madrid
U48315,Octavia,Lloret,lloret197@hotmail.com,+34827 66 83 65,2024-10-23,Sevilla
U90161,Daniela,Aznar,aznar426@gmail.com,+34 843181485,2021-05-01,Bilbao
U76709,Obdulia,Cámara,cámara630@hotmail.com,+34 803093187,2024-12-18,Málaga
U87448,Lino,Llorens,llorens361@outlook.com,+34984 850 284,2020-06-09,Valencia
U93112,Amancio,Franch,franch849@aol.com,+34 843 819 321,2021-11-24,Barcelona
U94655,Vito,Prada,prada779@gmail.com,+34 977 44 39 69,2021-07-28,Valencia
U42796,Tomasa,Moliner,moliner819@gmail.com,+34700049087,2022-09-28,Barcelona
U87843,Anselma,Rey,rey645@yahoo.com,+34 920237663,2020-03-16,Bilbao
U20221,Adoración,Moya,moya508@gmail.com,+34 914 971 021,2022-01-08,Sevilla
U86078,Sara,Chaves,chaves29@outlook.com,+34 886356945,2022-09-16,Bilbao
U81180,María Cristina,Roselló,roselló893@outlook.com,+34 947 920 774,2023-07-28,Barcelona
U57425,Hipólito,Badía,badía83@yahoo.com,+34 824 02 13 93,2025-01-21,Málaga
U56027,José María,Naranjo,naranjo98@yahoo.com,+34 983 731 726,2020-08-24,Madrid
U70740,Liliana,Diego,diego560@yahoo.com,+34 842 01 55 08,2023-11-09,Barcelona
U89530,Ligia,Marqués,marqués623@aol.com,+34 900 062 518,2024-03-31,Zaragoza
U32134,Asunción,Bayón,bayón859@aol.com,+34 824595954,2022-10-31,Madrid
U81308,Victor Manuel,Vazquez,vazquez335@hotmail.com,+34 875 673 013,2021-01-12,Barcelona
U15317,Sabina,Yáñez,yáñez651@aol.com,+34926877508,2022-01-17,Valencia
U22198,Natanael,Jaume,jaume833@aol.com,+34 884 58 16 25,2022-06-24,Valencia
